Entity,Code,Year,Annual CO₂ emissions,Annual CO₂ emissions
Africa,,1884,21984,21984
Africa,,1885,36640,36640
Africa,,1886,47632,47632
Africa,,1887,47632,47632
Africa,,1888,80608,80608
Africa,,1889,131904,131904
Africa,,1890,296784,296784
Africa,,1891,296784,296784
Africa,,1892,479984,479984
Africa,,1893,1799024,1799024
Africa,,1894,2432896,2432896
Africa,,1895,3337904,3337904
Africa,,1896,4257568,4257568
Africa,,1897,4777856,4777856
Africa,,1898,6049264,6049264
Africa,,1899,5517984,5517984
Africa,,1900,2330304,2330304
Africa,,1901,3909488,3909488
Africa,,1902,5825760,5825760
Africa,,1903,7895920,7895920
Africa,,1904,8910848,8910848
Africa,,1905,10262864,10262864
Africa,,1906,11717472,11717472
Africa,,1907,12930256,12930256
Africa,,1908,13402912,13402912
Africa,,1909,15385136,15385136
Africa,,1910,17411328,17411328
Africa,,1911,16865392,16865392
Africa,,1912,17953600,17953600
Africa,,1913,19606064,19606064
Africa,,1914,19551104,19551104
Africa,,1915,19606064,19606064
Africa,,1916,23255408,23255408
Africa,,1917,25343888,25343888
Africa,,1918,24724672,24724672
Africa,,1919,25442816,25442816
Africa,,1920,28051584,28051584
Africa,,1921,27985632,27985632
Africa,,1922,23969888,23969888
Africa,,1923,29044528,29044528
Africa,,1924,30631040,30631040
Africa,,1925,32184576,32184576
Africa,,1926,34437936,34437936
Africa,,1927,33840704,33840704
Africa,,1928,34770320,34770320
Africa,,1929,35801616,35801616
Africa,,1930,33695670,33695670
Africa,,1931,29463712,29463712
Africa,,1932,26622752,26622752
Africa,,1933,28491132,28491132
Africa,,1934,32539280,32539280
Africa,,1935,35909544,35909544
Africa,,1936,39015950,39015950
Africa,,1937,41844264,41844264
Africa,,1938,44013164,44013164
Africa,,1939,46852930,46852930
Africa,,1940,49649184,49649184
Africa,,1941,54023456,54023456
Africa,,1942,58822884,58822884
Africa,,1943,60119628,60119628
Africa,,1944,66632910,66632910
Africa,,1945,67527180,67527180
Africa,,1946,68159370,68159370
Africa,,1947,67934744,67934744
Africa,,1948,71733140,71733140
Africa,,1949,77323530,77323530
Africa,,1950,94868000,94868000
Africa,,1951,101125270,101125270
Africa,,1952,110325210,110325210
Africa,,1953,112007010,112007010
Africa,,1954,117536136,117536136
Africa,,1955,129402500,129402500
Africa,,1956,135106260,135106260
Africa,,1957,141593120,141593120
Africa,,1958,148670930,148670930
Africa,,1959,147841250,147841250
Africa,,1960,156567200,156567200
Africa,,1961,161994340,161994340
Africa,,1962,166334910,166334910
Africa,,1963,176334880,176334880
Africa,,1964,193639340,193639340
Africa,,1965,213634400,213634400
Africa,,1966,221082100,221082100
Africa,,1967,237045200,237045200
Africa,,1968,257271420,257271420
Africa,,1969,277716580,277716580
Africa,,1970,302405900,302405900
Africa,,1971,331612900,331612900
Africa,,1972,351688000,351688000
Africa,,1973,377821120,377821120
Africa,,1974,388183260,388183260
Africa,,1975,387017150,387017150
Africa,,1976,419914700,419914700
Africa,,1977,432918820,432918820
Africa,,1978,462338660,462338660
Africa,,1979,498986780,498986780
Africa,,1980,536023460,536023460
Africa,,1981,548882300,548882300
Africa,,1982,571969100,571969100
Africa,,1983,594811400,594811400
Africa,,1984,649591230,649591230
Africa,,1985,666141950,666141950
Africa,,1986,690176300,690176300
Africa,,1987,690283140,690283140
Africa,,1988,725373250,725373250
Africa,,1989,698582900,698582900
Africa,,1990,658343900,658343900
Africa,,1991,687670400,687670400
Africa,,1992,666660030,666660030
Africa,,1993,706441700,706441700
Africa,,1994,790233800,790233800
Africa,,1995,844549400,844549400
Africa,,1996,872284300,872284300
Africa,,1997,893938400,893938400
Africa,,1998,912482100,912482100
Africa,,1999,899879040,899879040
Africa,,2000,930850800,930850800
Africa,,2001,920601800,920601800
Africa,,2002,899995840,899995840
Africa,,2003,989644600,989644600
Africa,,2004,1045725800,1045725800
Africa,,2005,1059372350,1059372350
Africa,,2006,1091175800,1091175800
Africa,,2007,1116900100,1116900100
Africa,,2008,1174755200,1174755200
Africa,,2009,1168250400,1168250400
Africa,,2010,1216669000,1216669000
Africa,,2011,1257421000,1257421000
Africa,,2012,1268948200,1268948200
Africa,,2013,1282541800,1282541800
Africa,,2014,1357348700,1357348700
Africa,,2015,1332661800,1332661800
Africa,,2016,1375131500,1375131500
Africa,,2017,1393216400,1393216400
Africa,,2018,1386654300,1386654300
Africa,,2019,1479411800,1479411800
Africa,,2020,1355782400,1355782400
Africa,,2021,1441534000,1441534000
Africa,,2022,1432502900,1432502900
Africa,,2023,1418739200,1418739200
Asia (excl. China and India),,1750,0,0
Asia (excl. China and India),,1751,0,0
Asia (excl. China and India),,1752,0,0
Asia (excl. China and India),,1753,0,0
Asia (excl. China and India),,1754,0,0
Asia (excl. China and India),,1755,0,0
Asia (excl. China and India),,1756,0,0
Asia (excl. China and India),,1757,0,0
Asia (excl. China and India),,1758,0,0
Asia (excl. China and India),,1759,0,0
Asia (excl. China and India),,1760,0,0
Asia (excl. China and India),,1761,0,0
Asia (excl. China and India),,1762,0,0
Asia (excl. China and India),,1763,0,0
Asia (excl. China and India),,1764,0,0
Asia (excl. China and India),,1765,0,0
Asia (excl. China and India),,1766,0,0
Asia (excl. China and India),,1767,0,0
Asia (excl. China and India),,1768,0,0
Asia (excl. China and India),,1769,0,0
Asia (excl. China and India),,1770,0,0
Asia (excl. China and India),,1771,0,0
Asia (excl. China and India),,1772,0,0
Asia (excl. China and India),,1773,0,0
Asia (excl. China and India),,1774,0,0
Asia (excl. China and India),,1775,0,0
Asia (excl. China and India),,1776,0,0
Asia (excl. China and India),,1777,0,0
Asia (excl. China and India),,1778,0,0
Asia (excl. China and India),,1779,0,0
Asia (excl. China and India),,1780,0,0
Asia (excl. China and India),,1781,0,0
Asia (excl. China and India),,1782,0,0
Asia (excl. China and India),,1783,0,0
Asia (excl. China and India),,1784,0,0
Asia (excl. China and India),,1785,0,0
Asia (excl. China and India),,1786,0,0
Asia (excl. China and India),,1787,0,0
Asia (excl. China and India),,1788,0,0
Asia (excl. China and India),,1789,0,0
Asia (excl. China and India),,1790,0,0
Asia (excl. China and India),,1791,0,0
Asia (excl. China and India),,1792,0,0
Asia (excl. China and India),,1793,0,0
Asia (excl. China and India),,1794,0,0
Asia (excl. China and India),,1795,0,0
Asia (excl. China and India),,1796,0,0
Asia (excl. China and India),,1797,0,0
Asia (excl. China and India),,1798,0,0
Asia (excl. China and India),,1799,0,0
Asia (excl. China and India),,1800,0,0
Asia (excl. China and India),,1801,0,0
Asia (excl. China and India),,1802,0,0
Asia (excl. China and India),,1803,0,0
Asia (excl. China and India),,1804,0,0
Asia (excl. China and India),,1805,0,0
Asia (excl. China and India),,1806,0,0
Asia (excl. China and India),,1807,0,0
Asia (excl. China and India),,1808,0,0
Asia (excl. China and India),,1809,0,0
Asia (excl. China and India),,1810,0,0
Asia (excl. China and India),,1811,0,0
Asia (excl. China and India),,1812,0,0
Asia (excl. China and India),,1813,0,0
Asia (excl. China and India),,1814,0,0
Asia (excl. China and India),,1815,0,0
Asia (excl. China and India),,1816,0,0
Asia (excl. China and India),,1817,0,0
Asia (excl. China and India),,1818,0,0
Asia (excl. China and India),,1819,0,0
Asia (excl. China and India),,1820,0,0
Asia (excl. China and India),,1821,0,0
Asia (excl. China and India),,1822,0,0
Asia (excl. China and India),,1823,0,0
Asia (excl. China and India),,1824,0,0
Asia (excl. China and India),,1825,0,0
Asia (excl. China and India),,1826,0,0
Asia (excl. China and India),,1827,0,0
Asia (excl. China and India),,1828,0,0
Asia (excl. China and India),,1829,0,0
Asia (excl. China and India),,1830,2370,2370
Asia (excl. China and India),,1831,2845,2845
Asia (excl. China and India),,1832,1895,1895
Asia (excl. China and India),,1833,2370,2370
Asia (excl. China and India),,1834,0,0
Asia (excl. China and India),,1835,0,0
Asia (excl. China and India),,1836,0,0
Asia (excl. China and India),,1837,0,0
Asia (excl. China and India),,1838,0,0
Asia (excl. China and India),,1839,0,0
Asia (excl. China and India),,1840,0,0
Asia (excl. China and India),,1841,0,0
Asia (excl. China and India),,1842,0,0
Asia (excl. China and India),,1843,0,0
Asia (excl. China and India),,1844,0,0
Asia (excl. China and India),,1845,0,0
Asia (excl. China and India),,1846,0,0
Asia (excl. China and India),,1847,0,0
Asia (excl. China and India),,1848,0,0
Asia (excl. China and India),,1849,0,0
Asia (excl. China and India),,1850,14699,14699
Asia (excl. China and India),,1851,0,0
Asia (excl. China and India),,1852,0,0
Asia (excl. China and India),,1853,0,0
Asia (excl. China and India),,1854,0,0
Asia (excl. China and India),,1855,44575,44575
Asia (excl. China and India),,1856,0,0
Asia (excl. China and India),,1857,0,0
Asia (excl. China and India),,1858,62594,62594
Asia (excl. China and India),,1859,66387,66387
Asia (excl. China and India),,1860,87726,87726
Asia (excl. China and India),,1861,111436,111436
Asia (excl. China and India),,1862,100530,100530
Asia (excl. China and India),,1863,105272,105272
Asia (excl. China and India),,1864,118075,118075
Asia (excl. China and India),,1865,263083,263083
Asia (excl. China and India),,1866,565442,565442
Asia (excl. China and India),,1867,636398,636398
Asia (excl. China and India),,1868,527337,527337
Asia (excl. China and India),,1869,747657,747657
Asia (excl. China and India),,1870,677097,677097
Asia (excl. China and India),,1871,900179,900179
Asia (excl. China and India),,1872,973161,973161
Asia (excl. China and India),,1873,930481,930481
Asia (excl. China and India),,1874,1634152,1634152
Asia (excl. China and India),,1875,2702626,2702626
Asia (excl. China and India),,1876,2809069,2809069
Asia (excl. China and India),,1877,2890927,2890927
Asia (excl. China and India),,1878,3692158,3692158
Asia (excl. China and India),,1879,3987997,3987997
Asia (excl. China and India),,1880,4303550,4303550
Asia (excl. China and India),,1881,4510204,4510204
Asia (excl. China and India),,1882,4681773,4681773
Asia (excl. China and India),,1883,5165308,5165308
Asia (excl. China and India),,1884,5460543,5460543
Asia (excl. China and India),,1885,6078608,6078608
Asia (excl. China and India),,1886,6341429,6341429
Asia (excl. China and India),,1887,7470986,7470986
Asia (excl. China and India),,1888,8307680,8307680
Asia (excl. China and India),,1889,9760965,9760965
Asia (excl. China and India),,1890,10655267,10655267
Asia (excl. China and India),,1891,12431598,12431598
Asia (excl. China and India),,1892,13028080,13028080
Asia (excl. China and India),,1893,14871535,14871535
Asia (excl. China and India),,1894,17132962,17132962
Asia (excl. China and India),,1895,19271492,19271492
Asia (excl. China and India),,1896,20424064,20424064
Asia (excl. China and India),,1897,22236162,22236162
Asia (excl. China and India),,1898,27366158,27366158
Asia (excl. China and India),,1899,28596088,28596088
Asia (excl. China and India),,1900,32075108,32075108
Asia (excl. China and India),,1901,37185628,37185628
Asia (excl. China and India),,1902,37892110,37892110
Asia (excl. China and India),,1903,40261028,40261028
Asia (excl. China and India),,1904,45347240,45347240
Asia (excl. China and India),,1905,46073116,46073116
Asia (excl. China and India),,1906,50733420,50733420
Asia (excl. China and India),,1907,55531788,55531788
Asia (excl. China and India),,1908,58342300,58342300
Asia (excl. China and India),,1909,60811836,60811836
Asia (excl. China and India),,1910,62280950,62280950
Asia (excl. China and India),,1911,68345896,68345896
Asia (excl. China and India),,1912,74222540,74222540
Asia (excl. China and India),,1913,81643220,81643220
Asia (excl. China and India),,1914,84455000,84455000
Asia (excl. China and India),,1915,78093830,78093830
Asia (excl. China and India),,1916,86249780,86249780
Asia (excl. China and India),,1917,94949250,94949250
Asia (excl. China and India),,1918,92769624,92769624
Asia (excl. China and India),,1919,102587720,102587720
Asia (excl. China and India),,1920,100283070,100283070
Asia (excl. China and India),,1921,95529650,95529650
Asia (excl. China and India),,1922,104404460,104404460
Asia (excl. China and India),,1923,114721590,114721590
Asia (excl. China and India),,1924,123807310,123807310
Asia (excl. China and India),,1925,129406456,129406456
Asia (excl. China and India),,1926,135213490,135213490
Asia (excl. China and India),,1927,149108050,149108050
Asia (excl. China and India),,1928,160739400,160739400
Asia (excl. China and India),,1929,168365920,168365920
Asia (excl. China and India),,1930,165975780,165975780
Asia (excl. China and India),,1931,157934160,157934160
Asia (excl. China and India),,1932,162379870,162379870
Asia (excl. China and India),,1933,183498500,183498500
Asia (excl. China and India),,1934,207630830,207630830
Asia (excl. China and India),,1935,223241310,223241310
Asia (excl. China and India),,1936,248002750,248002750
Asia (excl. China and India),,1937,269466080,269466080
Asia (excl. China and India),,1938,282990340,282990340
Asia (excl. China and India),,1939,295114620,295114620
Asia (excl. China and India),,1940,328708350,328708350
Asia (excl. China and India),,1941,310834700,310834700
Asia (excl. China and India),,1942,266257490,266257490
Asia (excl. China and India),,1943,284472220,284472220
Asia (excl. China and India),,1944,289870300,289870300
Asia (excl. China and India),,1945,219340880,219340880
Asia (excl. China and India),,1946,227297140,227297140
Asia (excl. China and India),,1947,285388930,285388930
Asia (excl. China and India),,1948,292387940,292387940
Asia (excl. China and India),,1949,264389120,264389120
Asia (excl. China and India),,1950,260680700,260680700
Asia (excl. China and India),,1951,288863700,288863700
Asia (excl. China and India),,1952,309247000,309247000
Asia (excl. China and India),,1953,337846300,337846300
Asia (excl. China and India),,1954,358835330,358835330
Asia (excl. China and India),,1955,405575260,405575260
Asia (excl. China and India),,1956,451917380,451917380
Asia (excl. China and India),,1957,496254050,496254050
Asia (excl. China and India),,1958,517668160,517668160
Asia (excl. China and India),,1959,552235800,552235800
Asia (excl. China and India),,1960,628523800,628523800
Asia (excl. China and India),,1961,702476800,702476800
Asia (excl. China and India),,1962,750409860,750409860
Asia (excl. China and India),,1963,823917600,823917600
Asia (excl. China and India),,1964,907292800,907292800
Asia (excl. China and India),,1965,995884900,995884900
Asia (excl. China and India),,1966,1088230800,1088230800
Asia (excl. China and India),,1967,1205316600,1205316600
Asia (excl. China and India),,1968,1346420100,1346420100
Asia (excl. China and India),,1969,1504315000,1504315000
Asia (excl. China and India),,1970,1708075300,1708075300
Asia (excl. China and India),,1971,1852219900,1852219900
Asia (excl. China and India),,1972,1957443800,1957443800
Asia (excl. China and India),,1973,2134176500,2134176500
Asia (excl. China and India),,1974,2167245800,2167245800
Asia (excl. China and India),,1975,2160472600,2160472600
Asia (excl. China and India),,1976,2332804000,2332804000
Asia (excl. China and India),,1977,2448759300,2448759300
Asia (excl. China and India),,1978,2475061000,2475061000
Asia (excl. China and India),,1979,2603236000,2603236000
Asia (excl. China and India),,1980,2613379000,2613379000
Asia (excl. China and India),,1981,2581634800,2581634800
Asia (excl. China and India),,1982,2590643200,2590643200
Asia (excl. China and India),,1983,2658528800,2658528800
Asia (excl. China and India),,1984,2772774100,2772774100
Asia (excl. China and India),,1985,2874243300,2874243300
Asia (excl. China and India),,1986,2964734000,2964734000
Asia (excl. China and India),,1987,3017455400,3017455400
Asia (excl. China and India),,1988,3272081000,3272081000
Asia (excl. China and India),,1989,3401443000,3401443000
Asia (excl. China and India),,1990,3521457000,3521457000
Asia (excl. China and India),,1991,4139676700,4139676700
Asia (excl. China and India),,1992,3823620600,3823620600
Asia (excl. China and India),,1993,3941960400,3941960400
Asia (excl. China and India),,1994,4077954000,4077954000
Asia (excl. China and India),,1995,4143463700,4143463700
Asia (excl. China and India),,1996,4272575500,4272575500
Asia (excl. China and India),,1997,4349651500,4349651500
Asia (excl. China and India),,1998,4240700000,4240700000
Asia (excl. China and India),,1999,4453602300,4453602300
Asia (excl. China and India),,2000,4701166600,4701166600
Asia (excl. China and India),,2001,4792573400,4792573400
Asia (excl. China and India),,2002,4905410600,4905410600
Asia (excl. China and India),,2003,5137394000,5137394000
Asia (excl. China and India),,2004,5348603400,5348603400
Asia (excl. China and India),,2005,5475925000,5475925000
Asia (excl. China and India),,2006,5617514000,5617514000
Asia (excl. China and India),,2007,5760085000,5760085000
Asia (excl. China and India),,2008,5867472000,5867472000
Asia (excl. China and India),,2009,5890850300,5890850300
Asia (excl. China and India),,2010,6256353000,6256353000
Asia (excl. China and India),,2011,6490375700,6490375700
Asia (excl. China and India),,2012,6750448000,6750448000
Asia (excl. China and India),,2013,6740584000,6740584000
Asia (excl. China and India),,2014,6801443000,6801443000
Asia (excl. China and India),,2015,6949811700,6949811700
Asia (excl. China and India),,2016,7075333600,7075333600
Asia (excl. China and India),,2017,7304572000,7304572000
Asia (excl. China and India),,2018,7409473500,7409473500
Asia (excl. China and India),,2019,7562272300,7562272300
Asia (excl. China and India),,2020,7307606500,7307606500
Asia (excl. China and India),,2021,7518262300,7518262300
Asia (excl. China and India),,2022,7634051600,7634051600
Asia (excl. China and India),,2023,7635394000,7635394000
China,CHN,1907,19893872,19893872
China,CHN,1908,22735854,22735854
China,CHN,1909,24251576,24251576
China,CHN,1910,25009438,25009438
China,CHN,1911,24630506,24630506
China,CHN,1912,17029154,17029154
China,CHN,1913,24251576,24251576
China,CHN,1914,26718416,26718416
China,CHN,1915,25420578,25420578
China,CHN,1916,30130690,30130690
China,CHN,1917,32023448,32023448
China,CHN,1918,34747964,34747964
China,CHN,1919,37997296,37997296
China,CHN,1920,40278456,40278456
China,CHN,1921,38762732,38762732
China,CHN,1922,39971524,39971524
China,CHN,1923,46517556,46517556
China,CHN,1924,48846084,48846084
China,CHN,1925,45954840,45954840
China,CHN,1926,43660164,43660164
China,CHN,1927,45808580,45808580
China,CHN,1928,47591444,47591444
China,CHN,1929,48281828,48281828
China,CHN,1930,49558456,49558456
China,CHN,1931,51904660,51904660
China,CHN,1932,50269150,50269150
China,CHN,1933,54111180,54111180
China,CHN,1934,62382628,62382628
China,CHN,1935,72645970,72645970
China,CHN,1936,75477250,75477250
China,CHN,1937,70968650,70968650
China,CHN,1938,61365520,61365520
China,CHN,1939,74426990,74426990
China,CHN,1940,90790530,90790530
China,CHN,1941,113978570,113978570
China,CHN,1942,127613384,127613384
China,CHN,1943,108994540,108994540
China,CHN,1944,103003570,103003570
China,CHN,1945,55892210,55892210
China,CHN,1946,36107050,36107050
China,CHN,1947,41836136,41836136
China,CHN,1948,38400104,38400104
China,CHN,1949,62081100,62081100
China,CHN,1950,78835290,78835290
China,CHN,1951,102115210,102115210
China,CHN,1952,127999330,127999330
China,CHN,1953,133782880,133782880
China,CHN,1954,160877400,160877400
China,CHN,1955,190521460,190521460
China,CHN,1956,215823980,215823980
China,CHN,1957,255784960,255784960
China,CHN,1958,524617060,524617060
China,CHN,1959,720151550,720151550
China,CHN,1960,798799940,798799940
China,CHN,1961,570630200,570630200
China,CHN,1962,459618080,459618080
China,CHN,1963,456779460,456779460
China,CHN,1964,460637100,460637100
China,CHN,1965,500286370,500286370
China,CHN,1966,549459260,549459260
China,CHN,1967,460225900,460225900
China,CHN,1968,495506560,495506560
China,CHN,1969,607683300,607683300
China,CHN,1970,807952640,807952640
China,CHN,1971,909209700,909209700
China,CHN,1972,968645570,968645570
China,CHN,1973,1008292600,1008292600
China,CHN,1974,1028099840,1028099840
China,CHN,1975,1183215000,1183215000
China,CHN,1976,1226421200,1226421200
China,CHN,1977,1340831100,1340831100
China,CHN,1978,1492777900,1492777900
China,CHN,1979,1525661200,1525661200
China,CHN,1980,1494495900,1494495900
China,CHN,1981,1476487800,1476487800
China,CHN,1982,1606585000,1606585000
China,CHN,1983,1694216800,1694216800
China,CHN,1984,1844828000,1844828000
China,CHN,1985,1998083000,1998083000
China,CHN,1986,2104213400,2104213400
China,CHN,1987,2257738500,2257738500
China,CHN,1988,2425893600,2425893600
China,CHN,1989,2463654400,2463654400
China,CHN,1990,2484854800,2484854800
China,CHN,1991,2606096100,2606096100
China,CHN,1992,2730787600,2730787600
China,CHN,1993,2921651000,2921651000
China,CHN,1994,3103739000,3103739000
China,CHN,1995,3361637000,3361637000
China,CHN,1996,3508818200,3508818200
China,CHN,1997,3515594200,3515594200
China,CHN,1998,3364587500,3364587500
China,CHN,1999,3557274600,3557274600
China,CHN,2000,3649226500,3649226500
China,CHN,2001,3728509700,3728509700
China,CHN,2002,4103046400,4103046400
China,CHN,2003,4841118700,4841118700
China,CHN,2004,5217351000,5217351000
China,CHN,2005,5882106400,5882106400
China,CHN,2006,6494330400,6494330400
China,CHN,2007,6983547400,6983547400
China,CHN,2008,7501497300,7501497300
China,CHN,2009,7891078000,7891078000
China,CHN,2010,8620576000,8620576000
China,CHN,2011,9532332000,9532332000
China,CHN,2012,9779292000,9779292000
China,CHN,2013,9956329000,9956329000
China,CHN,2014,9990257000,9990257000
China,CHN,2015,9863457000,9863457000
China,CHN,2016,9762714000,9762714000
China,CHN,2017,10006343000,10006343000
China,CHN,2018,10332993000,10332993000
China,CHN,2019,10713984000,10713984000
China,CHN,2020,10905693000,10905693000
China,CHN,2021,11447913000,11447913000
China,CHN,2022,11350538000,11350538000
China,CHN,2023,11902503000,11902503000
Europe (excl. EU-27),,1750,9305937,9305937
Europe (excl. EU-27),,1751,9407229,9407229
Europe (excl. EU-27),,1752,9505168,9505168
Europe (excl. EU-27),,1753,9610490,9610490
Europe (excl. EU-27),,1754,9733580,9733580
Europe (excl. EU-27),,1755,9793468,9793468
Europe (excl. EU-27),,1756,9909914,9909914
Europe (excl. EU-27),,1757,10093936,10093936
Europe (excl. EU-27),,1758,10216358,10216358
Europe (excl. EU-27),,1759,10338854,10338854
Europe (excl. EU-27),,1760,10514331,10514331
Europe (excl. EU-27),,1761,10747885,10747885
Europe (excl. EU-27),,1762,10952198,10952198
Europe (excl. EU-27),,1763,11191592,11191592
Europe (excl. EU-27),,1764,11396982,11396982
Europe (excl. EU-27),,1765,11643486,11643486
Europe (excl. EU-27),,1766,11876080,11876080
Europe (excl. EU-27),,1767,12152509,12152509
Europe (excl. EU-27),,1768,12466936,12466936
Europe (excl. EU-27),,1769,12780074,12780074
Europe (excl. EU-27),,1770,13097216,13097216
Europe (excl. EU-27),,1771,13369488,13369488
Europe (excl. EU-27),,1772,13623507,13623507
Europe (excl. EU-27),,1773,13808138,13808138
Europe (excl. EU-27),,1774,14012415,14012415
Europe (excl. EU-27),,1775,14338920,14338920
Europe (excl. EU-27),,1776,14654124,14654124
Europe (excl. EU-27),,1777,14959537,14959537
Europe (excl. EU-27),,1778,15243483,15243483
Europe (excl. EU-27),,1779,15535235,15535235
Europe (excl. EU-27),,1780,15878726,15878726
Europe (excl. EU-27),,1781,16234383,16234383
Europe (excl. EU-27),,1782,16580954,16580954
Europe (excl. EU-27),,1783,17062752,17062752
Europe (excl. EU-27),,1784,17471092,17471092
Europe (excl. EU-27),,1785,17961464,17961464
Europe (excl. EU-27),,1786,18443832,18443832
Europe (excl. EU-27),,1787,18855466,18855466
Europe (excl. EU-27),,1788,19282564,19282564
Europe (excl. EU-27),,1789,19859760,19859760
Europe (excl. EU-27),,1790,20394430,20394430
Europe (excl. EU-27),,1791,20928086,20928086
Europe (excl. EU-27),,1792,21456558,21456558
Europe (excl. EU-27),,1793,21813614,21813614
Europe (excl. EU-27),,1794,22072648,22072648
Europe (excl. EU-27),,1795,21864574,21864574
Europe (excl. EU-27),,1796,21582768,21582768
Europe (excl. EU-27),,1797,21536814,21536814
Europe (excl. EU-27),,1798,22527018,22527018
Europe (excl. EU-27),,1799,26855000,26855000
Europe (excl. EU-27),,1800,31340080,31340080
Europe (excl. EU-27),,1801,30736626,30736626
Europe (excl. EU-27),,1802,30377368,30377368
Europe (excl. EU-27),,1803,28241450,28241450
Europe (excl. EU-27),,1804,27790074,27790074
Europe (excl. EU-27),,1805,29295006,29295006
Europe (excl. EU-27),,1806,30908602,30908602
Europe (excl. EU-27),,1807,32583656,32583656
Europe (excl. EU-27),,1808,33701640,33701640
Europe (excl. EU-27),,1809,34522536,34522536
Europe (excl. EU-27),,1810,35402028,35402028
Europe (excl. EU-27),,1811,36155070,36155070
Europe (excl. EU-27),,1812,36741616,36741616
Europe (excl. EU-27),,1813,37359772,37359772
Europe (excl. EU-27),,1814,38181804,38181804
Europe (excl. EU-27),,1815,39019170,39019170
Europe (excl. EU-27),,1816,39265496,39265496
Europe (excl. EU-27),,1817,41766344,41766344
Europe (excl. EU-27),,1818,43769000,43769000
Europe (excl. EU-27),,1819,43316496,43316496
Europe (excl. EU-27),,1820,42567188,42567188
Europe (excl. EU-27),,1821,43493436,43493436
Europe (excl. EU-27),,1822,45073956,45073956
Europe (excl. EU-27),,1823,46676420,46676420
Europe (excl. EU-27),,1824,48136788,48136788
Europe (excl. EU-27),,1825,49563788,49563788
Europe (excl. EU-27),,1826,50101644,50101644
Europe (excl. EU-27),,1827,52047628,52047628
Europe (excl. EU-27),,1828,52630228,52630228
Europe (excl. EU-27),,1829,53253870,53253870
Europe (excl. EU-27),,1830,67747010,67747010
Europe (excl. EU-27),,1831,64508344,64508344
Europe (excl. EU-27),,1832,62571080,62571080
Europe (excl. EU-27),,1833,61940190,61940190
Europe (excl. EU-27),,1834,65802124,65802124
Europe (excl. EU-27),,1835,72212080,72212080
Europe (excl. EU-27),,1836,78562870,78562870
Europe (excl. EU-27),,1837,75279260,75279260
Europe (excl. EU-27),,1838,73637256,73637256
Europe (excl. EU-27),,1839,75826470,75826470
Europe (excl. EU-27),,1840,80834850,80834850
Europe (excl. EU-27),,1841,81389030,81389030
Europe (excl. EU-27),,1842,85266410,85266410
Europe (excl. EU-27),,1843,88631840,88631840
Europe (excl. EU-27),,1844,94021080,94021080
Europe (excl. EU-27),,1845,99877350,99877350
Europe (excl. EU-27),,1846,95592610,95592610
Europe (excl. EU-27),,1847,101925520,101925520
Europe (excl. EU-27),,1848,109109920,109109920
Europe (excl. EU-27),,1849,117456380,117456380
Europe (excl. EU-27),,1850,122585180,122585180
Europe (excl. EU-27),,1851,116561400,116561400
Europe (excl. EU-27),,1852,116147840,116147840
Europe (excl. EU-27),,1853,115522950,115522950
Europe (excl. EU-27),,1854,139246780,139246780
Europe (excl. EU-27),,1855,130716330,130716330
Europe (excl. EU-27),,1856,140385310,140385310
Europe (excl. EU-27),,1857,137877390,137877390
Europe (excl. EU-27),,1858,135655410,135655410
Europe (excl. EU-27),,1859,150666860,150666860
Europe (excl. EU-27),,1860,169159660,169159660
Europe (excl. EU-27),,1861,176627540,176627540
Europe (excl. EU-27),,1862,170965180,170965180
Europe (excl. EU-27),,1863,181742610,181742610
Europe (excl. EU-27),,1864,195730930,195730930
Europe (excl. EU-27),,1865,207392420,207392420
Europe (excl. EU-27),,1866,215264580,215264580
Europe (excl. EU-27),,1867,221334430,221334430
Europe (excl. EU-27),,1868,216841280,216841280
Europe (excl. EU-27),,1869,228012510,228012510
Europe (excl. EU-27),,1870,233288690,233288690
Europe (excl. EU-27),,1871,248168430,248168430
Europe (excl. EU-27),,1872,261446940,261446940
Europe (excl. EU-27),,1873,270805150,270805150
Europe (excl. EU-27),,1874,264330740,264330740
Europe (excl. EU-27),,1875,279728830,279728830
Europe (excl. EU-27),,1876,280789000,280789000
Europe (excl. EU-27),,1877,286059040,286059040
Europe (excl. EU-27),,1878,283248860,283248860
Europe (excl. EU-27),,1879,285322700,285322700
Europe (excl. EU-27),,1880,311877660,311877660
Europe (excl. EU-27),,1881,327633060,327633060
Europe (excl. EU-27),,1882,331236000,331236000
Europe (excl. EU-27),,1883,346108500,346108500
Europe (excl. EU-27),,1884,337792740,337792740
Europe (excl. EU-27),,1885,335664130,335664130
Europe (excl. EU-27),,1886,333205280,333205280
Europe (excl. EU-27),,1887,342314140,342314140
Europe (excl. EU-27),,1888,356123260,356123260
Europe (excl. EU-27),,1889,369988600,369988600
Europe (excl. EU-27),,1890,380915780,380915780
Europe (excl. EU-27),,1891,391668480,391668480
Europe (excl. EU-27),,1892,385686750,385686750
Europe (excl. EU-27),,1893,352942980,352942980
Europe (excl. EU-27),,1894,400692000,400692000
Europe (excl. EU-27),,1895,409301100,409301100
Europe (excl. EU-27),,1896,420850370,420850370
Europe (excl. EU-27),,1897,437078200,437078200
Europe (excl. EU-27),,1898,443647800,443647800
Europe (excl. EU-27),,1899,480147100,480147100
Europe (excl. EU-27),,1900,493580300,493580300
Europe (excl. EU-27),,1901,485532030,485532030
Europe (excl. EU-27),,1902,499606140,499606140
Europe (excl. EU-27),,1903,502060670,502060670
Europe (excl. EU-27),,1904,511247070,511247070
Europe (excl. EU-27),,1905,509898750,509898750
Europe (excl. EU-27),,1906,535045820,535045820
Europe (excl. EU-27),,1907,565310600,565310600
Europe (excl. EU-27),,1908,555194500,555194500
Europe (excl. EU-27),,1909,563821900,563821900
Europe (excl. EU-27),,1910,565753860,565753860
Europe (excl. EU-27),,1911,581403840,581403840
Europe (excl. EU-27),,1912,568109900,568109900
Europe (excl. EU-27),,1913,621188500,621188500
Europe (excl. EU-27),,1914,592966900,592966900
Europe (excl. EU-27),,1915,592812000,592812000
Europe (excl. EU-27),,1916,615064600,615064600
Europe (excl. EU-27),,1917,595087900,595087900
Europe (excl. EU-27),,1918,510670850,510670850
Europe (excl. EU-27),,1919,496852320,496852320
Europe (excl. EU-27),,1920,521989660,521989660
Europe (excl. EU-27),,1921,371404670,371404670
Europe (excl. EU-27),,1922,491201180,491201180
Europe (excl. EU-27),,1923,523501920,523501920
Europe (excl. EU-27),,1924,553619500,553619500
Europe (excl. EU-27),,1925,526429540,526429540
Europe (excl. EU-27),,1926,345239870,345239870
Europe (excl. EU-27),,1927,585494900,585494900
Europe (excl. EU-27),,1928,568504800,568504800
Europe (excl. EU-27),,1929,602181000,602181000
Europe (excl. EU-27),,1930,617716000,617716000
Europe (excl. EU-27),,1931,613786900,613786900
Europe (excl. EU-27),,1932,617570240,617570240
Europe (excl. EU-27),,1933,635714200,635714200
Europe (excl. EU-27),,1934,711030400,711030400
Europe (excl. EU-27),,1935,749259650,749259650
Europe (excl. EU-27),,1936,815794300,815794300
Europe (excl. EU-27),,1937,840702660,840702660
Europe (excl. EU-27),,1938,837912300,837912300
Europe (excl. EU-27),,1939,847411200,847411200
Europe (excl. EU-27),,1940,933327000,933327000
Europe (excl. EU-27),,1941,872515400,872515400
Europe (excl. EU-27),,1942,700501060,700501060
Europe (excl. EU-27),,1943,707404160,707404160
Europe (excl. EU-27),,1944,796103360,796103360
Europe (excl. EU-27),,1945,776747840,776747840
Europe (excl. EU-27),,1946,838147700,838147700
Europe (excl. EU-27),,1947,941550660,941550660
Europe (excl. EU-27),,1948,989349900,989349900
Europe (excl. EU-27),,1949,1054879000,1054879000
Europe (excl. EU-27),,1950,1105558700,1105558700
Europe (excl. EU-27),,1951,1200443900,1200443900
Europe (excl. EU-27),,1952,1227161600,1227161600
Europe (excl. EU-27),,1953,1276512500,1276512500
Europe (excl. EU-27),,1954,1358672500,1358672500
Europe (excl. EU-27),,1955,1490334700,1490334700
Europe (excl. EU-27),,1956,1578164500,1578164500
Europe (excl. EU-27),,1957,1666851100,1666851100
Europe (excl. EU-27),,1958,1720813200,1720813200
Europe (excl. EU-27),,1959,1772562200,1772562200
Europe (excl. EU-27),,1960,1864963100,1864963100
Europe (excl. EU-27),,1961,1910193200,1910193200
Europe (excl. EU-27),,1962,1982301300,1982301300
Europe (excl. EU-27),,1963,2097001600,2097001600
Europe (excl. EU-27),,1964,2195595800,2195595800
Europe (excl. EU-27),,1965,2305084700,2305084700
Europe (excl. EU-27),,1966,2395080000,2395080000
Europe (excl. EU-27),,1967,2447332400,2447332400
Europe (excl. EU-27),,1968,2519553300,2519553300
Europe (excl. EU-27),,1969,2621002200,2621002200
Europe (excl. EU-27),,1970,2763414800,2763414800
Europe (excl. EU-27),,1971,2898215000,2898215000
Europe (excl. EU-27),,1972,2996927200,2996927200
Europe (excl. EU-27),,1973,3116312800,3116312800
Europe (excl. EU-27),,1974,3153696300,3153696300
Europe (excl. EU-27),,1975,3265872400,3265872400
Europe (excl. EU-27),,1976,3364798700,3364798700
Europe (excl. EU-27),,1977,3459520800,3459520800
Europe (excl. EU-27),,1978,3561483000,3561483000
Europe (excl. EU-27),,1979,3631556900,3631556900
Europe (excl. EU-27),,1980,3671161300,3671161300
Europe (excl. EU-27),,1981,3603618300,3603618300
Europe (excl. EU-27),,1982,3635599600,3635599600
Europe (excl. EU-27),,1983,3684997000,3684997000
Europe (excl. EU-27),,1984,3700864500,3700864500
Europe (excl. EU-27),,1985,3967963400,3967963400
Europe (excl. EU-27),,1986,3996968400,3996968400
Europe (excl. EU-27),,1987,3984785400,3984785400
Europe (excl. EU-27),,1988,4066059300,4066059300
Europe (excl. EU-27),,1989,3993789400,3993789400
Europe (excl. EU-27),,1990,4168161500,4168161500
Europe (excl. EU-27),,1991,3934174200,3934174200
Europe (excl. EU-27),,1992,3419125500,3419125500
Europe (excl. EU-27),,1993,3198133500,3198133500
Europe (excl. EU-27),,1994,2856864000,2856864000
Europe (excl. EU-27),,1995,2787695900,2787695900
Europe (excl. EU-27),,1996,2751242200,2751242200
Europe (excl. EU-27),,1997,2612208600,2612208600
Europe (excl. EU-27),,1998,2595137000,2595137000
Europe (excl. EU-27),,1999,2567409700,2567409700
Europe (excl. EU-27),,2000,2554088400,2554088400
Europe (excl. EU-27),,2001,2623996000,2623996000
Europe (excl. EU-27),,2002,2591097600,2591097600
Europe (excl. EU-27),,2003,2653311500,2653311500
Europe (excl. EU-27),,2004,2675230700,2675230700
Europe (excl. EU-27),,2005,2686686700,2686686700
Europe (excl. EU-27),,2006,2777509000,2777509000
Europe (excl. EU-27),,2007,2771445800,2771445800
Europe (excl. EU-27),,2008,2780618500,2780618500
Europe (excl. EU-27),,2009,2562352000,2562352000
Europe (excl. EU-27),,2010,2692537000,2692537000
Europe (excl. EU-27),,2011,2718283000,2718283000
Europe (excl. EU-27),,2012,2740984800,2740984800
Europe (excl. EU-27),,2013,2666312400,2666312400
Europe (excl. EU-27),,2014,2572619800,2572619800
Europe (excl. EU-27),,2015,2521727700,2521727700
Europe (excl. EU-27),,2016,2508779300,2508779300
Europe (excl. EU-27),,2017,2518700800,2518700800
Europe (excl. EU-27),,2018,2567147500,2567147500
Europe (excl. EU-27),,2019,2532198000,2532198000
Europe (excl. EU-27),,2020,2398923500,2398923500
Europe (excl. EU-27),,2021,2502895000,2502895000
Europe (excl. EU-27),,2022,2488792000,2488792000
Europe (excl. EU-27),,2023,2482599200,2482599200
European Union (27),,1792,468992,468992
European Union (27),,1793,479984,479984
European Union (27),,1794,443344,443344
European Union (27),,1795,447008,447008
European Union (27),,1796,534944,534944
European Union (27),,1797,549600,549600
European Union (27),,1798,575248,575248
European Union (27),,1799,626544,626544
European Union (27),,1800,1201792,1201792
European Union (27),,1801,978288,978288
European Union (27),,1802,9639984,9639984
European Union (27),,1803,996608,996608
European Union (27),,1804,3642016,3642016
European Union (27),,1805,1612160,1612160
European Union (27),,1806,1458272,1458272
European Union (27),,1807,3235312,3235312
European Union (27),,1808,1399648,1399648
European Union (27),,1809,1403312,1403312
European Union (27),,1810,3667664,3667664
European Union (27),,1811,3568736,3568736
European Union (27),,1812,3583392,3583392
European Union (27),,1813,3319584,3319584
European Union (27),,1814,3477136,3477136
European Union (27),,1815,3960784,3960784
European Union (27),,1816,5561952,5561952
European Union (27),,1817,6785728,6785728
European Union (27),,1818,6837024,6837024
European Union (27),,1819,6844352,6844352
European Union (27),,1820,7364640,7364640
European Union (27),,1821,7731040,7731040
European Union (27),,1822,8075456,8075456
European Union (27),,1823,8771616,8771616
European Union (27),,1824,8423536,8423536
European Union (27),,1825,10024704,10024704
European Union (27),,1826,9955088,9955088
European Union (27),,1827,12234096,12234096
European Union (27),,1828,12450272,12450272
European Union (27),,1829,11248480,11248480
European Union (27),,1830,19141234,19141234
European Union (27),,1831,16470277,16470277
European Union (27),,1832,16481071,16481071
European Union (27),,1833,17763570,17763570
European Union (27),,1834,19562096,19562096
European Union (27),,1835,20848160,20848160
European Union (27),,1836,23577840,23577840
European Union (27),,1837,25585712,25585712
European Union (27),,1838,27146576,27146576
European Union (27),,1839,28271424,28271424
European Union (27),,1840,32049008,32049008
European Union (27),,1841,34503890,34503890
European Union (27),,1842,37138304,37138304
European Union (27),,1843,35929184,35929184
European Union (27),,1844,38574590,38574590
European Union (27),,1845,43916704,43916704
European Union (27),,1846,49266144,49266144
European Union (27),,1847,53648290,53648290
European Union (27),,1848,47573376,47573376
European Union (27),,1849,49130576,49130576
European Union (27),,1850,54189980,54189980
European Union (27),,1851,57297630,57297630
European Union (27),,1852,64284880,64284880
European Union (27),,1853,71180530,71180530
European Union (27),,1854,82319090,82319090
European Union (27),,1855,90821590,90821590
European Union (27),,1856,96396180,96396180
European Union (27),,1857,100452220,100452220
European Union (27),,1858,105866100,105866100
European Union (27),,1859,103998260,103998260
European Union (27),,1860,112653440,112653440
European Union (27),,1861,123851940,123851940
European Union (27),,1862,134075864,134075864
European Union (27),,1863,139488590,139488590
European Union (27),,1864,150897310,150897310
European Union (27),,1865,163822820,163822820
European Union (27),,1866,168329380,168329380
European Union (27),,1867,180490260,180490260
European Union (27),,1868,189353700,189353700
European Union (27),,1869,197348370,197348370
European Union (27),,1870,198126080,198126080
European Union (27),,1871,211580460,211580460
European Union (27),,1872,235092480,235092480
European Union (27),,1873,251699760,251699760
European Union (27),,1874,220222270,220222270
European Union (27),,1875,254916130,254916130
European Union (27),,1876,266346340,266346340
European Union (27),,1877,259884270,259884270
European Union (27),,1878,268510400,268510400
European Union (27),,1879,284259200,284259200
European Union (27),,1880,328858660,328858660
European Union (27),,1881,330135700,330135700
European Union (27),,1882,348957100,348957100
European Union (27),,1883,372651970,372651970
European Union (27),,1884,376345340,376345340
European Union (27),,1885,380988580,380988580
European Union (27),,1886,382774240,382774240
European Union (27),,1887,400964800,400964800
European Union (27),,1888,431375200,431375200
European Union (27),,1889,454561540,454561540
European Union (27),,1890,481648100,481648100
European Union (27),,1891,501332930,501332930
European Union (27),,1892,493623300,493623300
European Union (27),,1893,501923840,501923840
European Union (27),,1894,527212260,527212260
European Union (27),,1895,543310800,543310800
European Union (27),,1896,575298700,575298700
European Union (27),,1897,608569400,608569400
European Union (27),,1898,635499300,635499300
European Union (27),,1899,669346370,669346370
European Union (27),,1900,712153800,712153800
European Union (27),,1901,709672400,709672400
European Union (27),,1902,696460000,696460000
European Union (27),,1903,743086500,743086500
European Union (27),,1904,757165800,757165800
European Union (27),,1905,795773000,795773000
European Union (27),,1906,812359200,812359200
European Union (27),,1907,927505340,927505340
European Union (27),,1908,962035260,962035260
European Union (27),,1909,955019100,955019100
European Union (27),,1910,972865900,972865900
European Union (27),,1911,992713340,992713340
European Union (27),,1912,1064396100,1064396100
European Union (27),,1913,1146191500,1146191500
European Union (27),,1914,980973600,980973600
European Union (27),,1915,900029200,900029200
European Union (27),,1916,946094140,946094140
European Union (27),,1917,938311040,938311040
European Union (27),,1918,883435970,883435970
European Union (27),,1919,686954000,686954000
European Union (27),,1920,861444000,861444000
European Union (27),,1921,894137500,894137500
European Union (27),,1922,918103600,918103600
European Union (27),,1923,823405250,823405250
European Union (27),,1924,1000200200,1000200200
European Union (27),,1925,1011746300,1011746300
European Union (27),,1926,977942200,977942200
European Union (27),,1927,1099380600,1099380600
European Union (27),,1928,1125197200,1125197200
European Union (27),,1929,1235744800,1235744800
European Union (27),,1930,1123391400,1123391400
European Union (27),,1931,1011753300,1011753300
European Union (27),,1932,894190200,894190200
European Union (27),,1933,921858940,921858940
European Union (27),,1934,993532400,993532400
European Union (27),,1935,1040033100,1040033100
European Union (27),,1936,1083900500,1083900500
European Union (27),,1937,1219925600,1219925600
European Union (27),,1938,1232375800,1232375800
European Union (27),,1939,1269083000,1269083000
European Union (27),,1940,1320442400,1320442400
European Union (27),,1941,1301392000,1301392000
European Union (27),,1942,1320674400,1320674400
European Union (27),,1943,1331677400,1331677400
European Union (27),,1944,1141700700,1141700700
European Union (27),,1945,492949150,492949150
European Union (27),,1946,847720770,847720770
European Union (27),,1947,990827970,990827970
European Union (27),,1948,1095492600,1095492600
European Union (27),,1949,1211250800,1211250800
European Union (27),,1950,1277769200,1277769200
European Union (27),,1951,1429765500,1429765500
European Union (27),,1952,1486817300,1486817300
European Union (27),,1953,1515003500,1515003500
European Union (27),,1954,1611367800,1611367800
European Union (27),,1955,1743365200,1743365200
European Union (27),,1956,1867092000,1867092000
European Union (27),,1957,1926367200,1926367200
European Union (27),,1958,1910886700,1910886700
European Union (27),,1959,1940609700,1940609700
European Union (27),,1960,2099977700,2099977700
European Union (27),,1961,2199645700,2199645700
European Union (27),,1962,2354606600,2354606600
European Union (27),,1963,2512898800,2512898800
European Union (27),,1964,2644228400,2644228400
European Union (27),,1965,2677125600,2677125600
European Union (27),,1966,2758658600,2758658600
European Union (27),,1967,2820350500,2820350500
European Union (27),,1968,2993590300,2993590300
European Union (27),,1969,3192298800,3192298800
European Union (27),,1970,3331786800,3331786800
European Union (27),,1971,3425790000,3425790000
European Union (27),,1972,3556001500,3556001500
European Union (27),,1973,3729277000,3729277000
European Union (27),,1974,3710173200,3710173200
European Union (27),,1975,3637361000,3637361000
European Union (27),,1976,3913002500,3913002500
European Union (27),,1977,3874640600,3874640600
European Union (27),,1978,4005136600,4005136600
European Union (27),,1979,4114610200,4114610200
European Union (27),,1980,4079017000,4079017000
European Union (27),,1981,3864920000,3864920000
European Union (27),,1982,3772962600,3772962600
European Union (27),,1983,3730056000,3730056000
European Union (27),,1984,3765173000,3765173000
European Union (27),,1985,3823161600,3823161600
European Union (27),,1986,3808468000,3808468000
European Union (27),,1987,3841070800,3841070800
European Union (27),,1988,3802716400,3802716400
European Union (27),,1989,3839695000,3839695000
European Union (27),,1990,3870108200,3870108200
European Union (27),,1991,3804398300,3804398300
European Union (27),,1992,3677507000,3677507000
European Union (27),,1993,3607869000,3607869000
European Union (27),,1994,3589193200,3589193200
European Union (27),,1995,3635527700,3635527700
European Union (27),,1996,3720306000,3720306000
European Union (27),,1997,3653909200,3653909200
European Union (27),,1998,3644298500,3644298500
European Union (27),,1999,3588961500,3588961500
European Union (27),,2000,3600211500,3600211500
European Union (27),,2001,3656921000,3656921000
European Union (27),,2002,3657653500,3657653500
European Union (27),,2003,3736441900,3736441900
European Union (27),,2004,3743809500,3743809500
European Union (27),,2005,3735484400,3735484400
European Union (27),,2006,3752486700,3752486700
European Union (27),,2007,3702451700,3702451700
European Union (27),,2008,3625925400,3625925400
European Union (27),,2009,3330550800,3330550800
European Union (27),,2010,3424056300,3424056300
European Union (27),,2011,3326834000,3326834000
European Union (27),,2012,3257576200,3257576200
European Union (27),,2013,3175109600,3175109600
European Union (27),,2014,3038410200,3038410200
European Union (27),,2015,3094753500,3094753500
European Union (27),,2016,3093282300,3093282300
European Union (27),,2017,3117226000,3117226000
European Union (27),,2018,3049868000,3049868000
European Union (27),,2019,2904707800,2904707800
European Union (27),,2020,2627391700,2627391700
European Union (27),,2021,2801144000,2801144000
European Union (27),,2022,2740077800,2740077800
European Union (27),,2023,2510622000,2510622000
India,IND,1858,394488,394488
India,IND,1859,636485,636485
India,IND,1860,643115,643115
India,IND,1861,497254,497254
India,IND,1862,550294,550294
India,IND,1863,609965,609965
India,IND,1864,576814,576814
India,IND,1865,566869,566869
India,IND,1866,639800,639800
India,,,733725.6666666666,
India,,,827651.3333333333,
India,,,921577,
India,,,1015502.6666666666,
India,,,1109428.3333333333,
India,,,1203354,
India,,,1297279.6666666667,
India,,,1391205.3333333335,
India,,,1485131,
India,,,1579056.6666666667,
India,,,1672982.3333333335,
India,IND,1878,1766908,1766908
India,IND,1879,1684382,1684382
India,IND,1880,1886773,1886773
India,IND,1881,1839333,1839333
India,IND,1882,2196293,2196293
India,IND,1883,2440906,2440906
India,IND,1884,2730012,2730012
India,IND,1885,2459401,2459401
India,IND,1886,2772061,2772061
India,IND,1887,3066015,3066015
India,IND,1888,3409552,3409552
India,IND,1889,4021827.2,4021827.2
India,IND,1890,4431669,4431669
India,IND,1891,4772419,4772419
India,IND,1892,5247290,5247290
India,IND,1893,5543189,5543189
India,IND,1894,5616704,5616704
India,IND,1895,7034702,7034702
India,IND,1896,7608026,7608026
India,IND,1897,8253373,8253373
India,IND,1898,9125185,9125185
India,IND,1899,10054478,10054478
India,IND,1900,11929561,11929561
India,IND,1901,13179677,13179677
India,IND,1902,14515422,14515422
India,IND,1903,14802121,14802121
India,IND,1904,16561007,16561007
India,IND,1905,16930720,16930720
India,IND,1906,19549416,19549416
India,IND,1907,21772400,21772400
India,IND,1908,24908242,24908242
India,IND,1909,24142650,24142650
India,IND,1910,23487316,23487316
India,IND,1911,24782446,24782446
India,IND,1912,28521446,28521446
India,IND,1913,31466760,31466760
India,IND,1914,31698144,31698144
India,IND,1915,33141720,33141720
India,IND,1916,33517506,33517506
India,IND,1917,35019770,35019770
India,IND,1918,39359310,39359310
India,IND,1919,42974760,42974760
India,IND,1920,34867976,34867976
India,IND,1921,37505520,37505520
India,IND,1922,36903370,36903370
India,IND,1923,37971890,37971890
India,IND,1924,40627950,40627950
India,IND,1925,40084930,40084930
India,IND,1926,39942580,39942580
India,IND,1927,41883788,41883788
India,IND,1928,40072960,40072960
India,IND,1929,41707876,41707876
India,IND,1930,42399496,42399496
India,IND,1931,38851024,38851024
India,IND,1932,36129476,36129476
India,IND,1933,35467340,35467340
India,IND,1934,39611030,39611030
India,IND,1935,41393200,41393200
India,IND,1936,40684480,40684480
India,IND,1937,45067284,45067284
India,IND,1938,50379656,50379656
India,IND,1939,49312224,49312224
India,IND,1940,52309530,52309530
India,IND,1941,53581100,53581100
India,IND,1942,53529536,53529536
India,IND,1943,46644424,46644424
India,IND,1944,47695988,47695988
India,IND,1945,52874036,52874036
India,IND,1946,52225000,52225000
India,IND,1947,53180280,53180280
India,IND,1948,53204080,53204080
India,IND,1949,56187840,56187840
India,IND,1950,61102560,61102560
India,IND,1951,64022116,64022116
India,IND,1952,67426140,67426140
India,IND,1953,68704824,68704824
India,IND,1954,72413624,72413624
India,IND,1955,78787740,78787740
India,IND,1956,81656370,81656370
India,IND,1957,91635350,91635350
India,IND,1958,95815784,95815784
India,IND,1959,101447256,101447256
India,IND,1960,111325050,111325050
India,IND,1961,120404270,120404270
India,IND,1962,132581544,132581544
India,IND,1963,142444140,142444140
India,IND,1964,139488270,139488270
India,IND,1965,153701940,153701940
India,IND,1966,159373390,159373390
India,IND,1967,159555820,159555820
India,IND,1968,174069330,174069330
India,IND,1969,177413360,177413360
India,IND,1970,181722640,181722640
India,IND,1971,191963680,191963680
India,IND,1972,203035980,203035980
India,IND,1973,209095040,209095040
India,IND,1974,215853180,215853180
India,IND,1975,234209120,234209120
India,IND,1976,244749380,244749380
India,IND,1977,258961730,258961730
India,IND,1978,263149570,263149570
India,IND,1979,276284740,276284740
India,IND,1980,291711100,291711100
India,IND,1981,314966180,314966180
India,IND,1982,325380000,325380000
India,IND,1983,352198850,352198850
India,IND,1984,361559460,361559460
India,IND,1985,397592100,397592100
India,IND,1986,426309380,426309380
India,IND,1987,455343040,455343040
India,IND,1988,491692160,491692160
India,IND,1989,540651100,540651100
India,IND,1990,577996000,577996000
India,IND,1991,615365000,615365000
India,IND,1992,655447040,655447040
India,IND,1993,677299260,677299260
India,IND,1994,714063740,714063740
India,IND,1995,760461630,760461630
India,IND,1996,823620700,823620700
India,IND,1997,858011200,858011200
India,IND,1998,875772350,875772350
India,IND,1999,960762940,960762940
India,IND,2000,986444700,986444700
India,IND,2001,1000526700,1000526700
India,IND,2002,1032139800,1032139800
India,IND,2003,1067736960,1067736960
India,IND,2004,1133827600,1133827600
India,IND,2005,1194592400,1194592400
India,IND,2006,1292484600,1292484600
India,IND,2007,1392506000,1392506000
India,IND,2008,1489437400,1489437400
India,IND,2009,1612216300,1612216300
India,IND,2010,1677337200,1677337200
India,IND,2011,1764712400,1764712400
India,IND,2012,1925699700,1925699700
India,IND,2013,1995098100,1995098100
India,IND,2014,2148343800,2148343800
India,IND,2015,2234219500,2234219500
India,IND,2016,2354658000,2354658000
India,IND,2017,2426606800,2426606800
India,IND,2018,2593057800,2593057800
India,IND,2019,2612888000,2612888000
India,IND,2020,2421552000,2421552000
India,IND,2021,2674221800,2674221800
India,IND,2022,2831166200,2831166200
India,IND,2023,3062324500,3062324500
International aviation,,1950,3511309,3511309
International aviation,,1951,3890817,3890817
International aviation,,1952,4135015,4135015
International aviation,,1953,4850188,4850188
International aviation,,1954,5733205,5733205
International aviation,,1955,6562472,6562472
International aviation,,1956,7662003,7662003
International aviation,,1957,8424180,8424180
International aviation,,1958,9580646,9580646
International aviation,,1959,11016749,11016749
International aviation,,1960,14667484,14667484
International aviation,,1961,18212802,18212802
International aviation,,1962,21433172,21433172
International aviation,,1963,23209570,23209570
International aviation,,1964,26872386,26872386
International aviation,,1965,31150630,31150630
International aviation,,1966,37122284,37122284
International aviation,,1967,46299600,46299600
International aviation,,1968,53476524,53476524
International aviation,,1969,51994724,51994724
International aviation,,1970,75059250,75059250
International aviation,,1971,82439940,82439940
International aviation,,1972,86486630,86486630
International aviation,,1973,90949304,90949304
International aviation,,1974,85308136,85308136
International aviation,,1975,83537380,83537380
International aviation,,1976,85069580,85069580
International aviation,,1977,96127600,96127600
International aviation,,1978,99188810,99188810
International aviation,,1979,103156350,103156350
International aviation,,1980,105404200,105404200
International aviation,,1981,106174040,106174040
International aviation,,1982,106056370,106056370
International aviation,,1983,108479720,108479720
International aviation,,1984,116188000,116188000
International aviation,,1985,117888180,117888180
International aviation,,1986,124489070,124489070
International aviation,,1987,217050910,217050910
International aviation,,1988,226152060,226152060
International aviation,,1989,241935220,241935220
International aviation,,1990,189877680,189877680
International aviation,,1991,198712480,198712480
International aviation,,1992,219962320,219962320
International aviation,,1993,227201090,227201090
International aviation,,1994,241273170,241273170
International aviation,,1995,255057280,255057280
International aviation,,1996,270975600,270975600
International aviation,,1997,289360800,289360800
International aviation,,1998,309125630,309125630
International aviation,,1999,318879680,318879680
International aviation,,2000,324210000,324210000
International aviation,,2001,325978000,325978000
International aviation,,2002,344503360,344503360
International aviation,,2003,358628670,358628670
International aviation,,2004,389352400,389352400
International aviation,,2005,410863360,410863360
International aviation,,2006,424846400,424846400
International aviation,,2007,439882500,439882500
International aviation,,2008,445605900,445605900
International aviation,,2009,428018940,428018940
International aviation,,2010,451502460,451502460
International aviation,,2011,470057340,470057340
International aviation,,2012,484409700,484409700
International aviation,,2013,498400600,498400600
International aviation,,2014,498252740,498252740
International aviation,,2015,518202750,518202750
International aviation,,2016,540413500,540413500
International aviation,,2017,564229500,564229500
International aviation,,2018,605797760,605797760
International aviation,,2019,623608900,623608900
International aviation,,2020,270161150,270161150
International aviation,,2021,293715900,293715900
International aviation,,2022,424851260,424851260
International aviation,,2023,523411550,523411550
International shipping,,1950,124882580,124882580
International shipping,,1951,149286370,149286370
International shipping,,1952,152021000,152021000
International shipping,,1953,157252500,157252500
International shipping,,1954,156959380,156959380
International shipping,,1955,180528700,180528700
International shipping,,1956,193561220,193561220
International shipping,,1957,215259360,215259360
International shipping,,1958,198325700,198325700
International shipping,,1959,202352620,202352620
International shipping,,1960,223505120,223505120
International shipping,,1961,245103650,245103650
International shipping,,1962,251590430,251590430
International shipping,,1963,262611630,262611630
International shipping,,1964,286253280,286253280
International shipping,,1965,292296960,292296960
International shipping,,1966,312871870,312871870
International shipping,,1967,328171680,328171680
International shipping,,1968,342620220,342620220
International shipping,,1969,362662620,362662620
International shipping,,1970,362071680,362071680
International shipping,,1971,379172300,379172300
International shipping,,1972,405765700,405765700
International shipping,,1973,435763170,435763170
International shipping,,1974,403948960,403948960
International shipping,,1975,364290940,364290940
International shipping,,1976,354044000,354044000
International shipping,,1977,353175400,353175400
International shipping,,1978,356845100,356845100
International shipping,,1979,354546050,354546050
International shipping,,1980,341245600,341245600
International shipping,,1981,306147420,306147420
International shipping,,1982,267210270,267210270
International shipping,,1983,249912380,249912380
International shipping,,1984,243502620,243502620
International shipping,,1985,249513950,249513950
International shipping,,1986,269171970,269171970
International shipping,,1987,310399800,310399800
International shipping,,1988,319319700,319319700
International shipping,,1989,323226270,323226270
International shipping,,1990,361656400,361656400
International shipping,,1991,347733920,347733920
International shipping,,1992,337518800,337518800
International shipping,,1993,333854180,333854180
International shipping,,1994,347004000,347004000
International shipping,,1995,365699500,365699500
International shipping,,1996,401174600,401174600
International shipping,,1997,417673660,417673660
International shipping,,1998,440887420,440887420
International shipping,,1999,458357220,458357220
International shipping,,2000,463500320,463500320
International shipping,,2001,455557820,455557820
International shipping,,2002,456382720,456382720
International shipping,,2003,474633300,474633300
International shipping,,2004,517786980,517786980
International shipping,,2005,531992600,531992600
International shipping,,2006,569212200,569212200
International shipping,,2007,611520400,611520400
International shipping,,2008,615992450,615992450
International shipping,,2009,594947460,594947460
International shipping,,2010,629808900,629808900
International shipping,,2011,639337540,639337540
International shipping,,2012,613455700,613455700
International shipping,,2013,615697600,615697600
International shipping,,2014,621561200,621561200
International shipping,,2015,638760400,638760400
International shipping,,2016,632392400,632392400
International shipping,,2017,645676800,645676800
International shipping,,2018,641294900,641294900
International shipping,,2019,627169700,627169700
International shipping,,2020,583679040,583679040
International shipping,,2021,599905340,599905340
International shipping,,2022,595232100,595232100
International shipping,,2023,593157760,593157760
North America (excl. USA),,1785,3664,3664
North America (excl. USA),,1786,3664,3664
North America (excl. USA),,1787,3664,3664
North America (excl. USA),,1788,3664,3664
North America (excl. USA),,1789,3664,3664
North America (excl. USA),,1790,3664,3664
North America (excl. USA),,1791,3664,3664
North America (excl. USA),,1792,3664,3664
North America (excl. USA),,1793,3664,3664
North America (excl. USA),,1794,3664,3664
North America (excl. USA),,1795,3664,3664
North America (excl. USA),,1796,3664,3664
North America (excl. USA),,1797,3664,3664
North America (excl. USA),,1798,3664,3664
North America (excl. USA),,1799,3664,3664
North America (excl. USA),,1800,3664,3664
North America (excl. USA),,1801,3664,3664
North America (excl. USA),,1802,3664,3664
North America (excl. USA),,1803,3664,3664
North America (excl. USA),,1804,3664,3664
North America (excl. USA),,1805,3664,3664
North America (excl. USA),,1806,3664,3664
North America (excl. USA),,1807,3664,3664
North America (excl. USA),,1808,3664,3664
North America (excl. USA),,1809,3664,3664
North America (excl. USA),,1810,3664,3664
North America (excl. USA),,1811,3664,3664
North America (excl. USA),,1812,3664,3664
North America (excl. USA),,1813,3664,3664
North America (excl. USA),,1814,3664,3664
North America (excl. USA),,1815,3664,3664
North America (excl. USA),,1816,3664,3664
North America (excl. USA),,1817,3664,3664
North America (excl. USA),,1818,3664,3664
North America (excl. USA),,1819,3664,3664
North America (excl. USA),,1820,3664,3664
North America (excl. USA),,1821,3664,3664
North America (excl. USA),,1822,3664,3664
North America (excl. USA),,1823,3664,3664
North America (excl. USA),,1824,3664,3664
North America (excl. USA),,1825,3664,3664
North America (excl. USA),,1826,3664,3664
North America (excl. USA),,1827,3664,3664
North America (excl. USA),,1828,3664,3664
North America (excl. USA),,1829,3664,3664
North America (excl. USA),,1830,3664,3664
North America (excl. USA),,1831,3664,3664
North America (excl. USA),,1832,3664,3664
North America (excl. USA),,1833,3664,3664
North America (excl. USA),,1834,3664,3664
North America (excl. USA),,1835,3664,3664
North America (excl. USA),,1836,3664,3664
North America (excl. USA),,1837,3664,3664
North America (excl. USA),,1838,3664,3664
North America (excl. USA),,1839,3664,3664
North America (excl. USA),,1840,3664,3664
North America (excl. USA),,1841,3664,3664
North America (excl. USA),,1842,3664,3664
North America (excl. USA),,1843,3664,3664
North America (excl. USA),,1844,3664,3664
North America (excl. USA),,1845,3664,3664
North America (excl. USA),,1846,25648,25648
North America (excl. USA),,1847,32976,32976
North America (excl. USA),,1848,40304,40304
North America (excl. USA),,1849,47632,47632
North America (excl. USA),,1850,58624,58624
North America (excl. USA),,1851,69616,69616
North America (excl. USA),,1852,84272,84272
North America (excl. USA),,1853,102592,102592
North America (excl. USA),,1854,124576,124576
North America (excl. USA),,1855,150224,150224
North America (excl. USA),,1856,572025,572025
North America (excl. USA),,1857,584232,584232
North America (excl. USA),,1858,617702,617702
North America (excl. USA),,1859,640559,640559
North America (excl. USA),,1860,683931,683931
North America (excl. USA),,1861,911867,911867
North America (excl. USA),,1862,1185621,1185621
North America (excl. USA),,1863,1095754,1095754
North America (excl. USA),,1864,1460136,1460136
North America (excl. USA),,1865,1627732,1627732
North America (excl. USA),,1866,1869213,1869213
North America (excl. USA),,1867,2243440,2243440
North America (excl. USA),,1868,1556862,1556862
North America (excl. USA),,1869,1373848,1373848
North America (excl. USA),,1870,1873653,1873653
North America (excl. USA),,1871,2404297,2404297
North America (excl. USA),,1872,2494261,2494261
North America (excl. USA),,1873,2285622,2285622
North America (excl. USA),,1874,2310368,2310368
North America (excl. USA),,1875,2566516,2566516
North America (excl. USA),,1876,2457737,2457737
North America (excl. USA),,1877,2663757,2663757
North America (excl. USA),,1878,2691394,2691394
North America (excl. USA),,1879,2967541,2967541
North America (excl. USA),,1880,5918256,5918256
North America (excl. USA),,1881,6260934,6260934
North America (excl. USA),,1882,7313149,7313149
North America (excl. USA),,1883,8116495,8116495
North America (excl. USA),,1884,9265894,9265894
North America (excl. USA),,1885,8925540,8925540
North America (excl. USA),,1886,9470438,9470438
North America (excl. USA),,1887,10971588,10971588
North America (excl. USA),,1888,14270897,14270897
North America (excl. USA),,1889,12408777,12408777
North America (excl. USA),,1890,13693983,13693983
North America (excl. USA),,1891,16028847,16028847
North America (excl. USA),,1892,16604811,16604811
North America (excl. USA),,1893,17298276,17298276
North America (excl. USA),,1894,16864088,16864088
North America (excl. USA),,1895,16112594,16112594
North America (excl. USA),,1896,17185708,17185708
North America (excl. USA),,1897,17946254,17946254
North America (excl. USA),,1898,19228328,19228328
North America (excl. USA),,1899,23436864,23436864
North America (excl. USA),,1900,25142960,25142960
North America (excl. USA),,1901,29133338,29133338
North America (excl. USA),,1902,31279352,31279352
North America (excl. USA),,1903,34646436,34646436
North America (excl. USA),,1904,40313080,40313080
North America (excl. USA),,1905,43282830,43282830
North America (excl. USA),,1906,45880230,45880230
North America (excl. USA),,1907,56236480,56236480
North America (excl. USA),,1908,56601708,56601708
North America (excl. USA),,1909,54742856,54742856
North America (excl. USA),,1910,61652892,61652892
North America (excl. USA),,1911,74599810,74599810
North America (excl. USA),,1912,81874664,81874664
North America (excl. USA),,1913,96660730,96660730
North America (excl. USA),,1914,83867520,83867520
North America (excl. USA),,1915,80599940,80599940
North America (excl. USA),,1916,99141970,99141970
North America (excl. USA),,1917,117394840,117394840
North America (excl. USA),,1918,126701630,126701630
North America (excl. USA),,1919,121926270,121926270
North America (excl. USA),,1920,166685100,166685100
North America (excl. USA),,1921,174528450,174528450
North America (excl. USA),,1922,158128830,158128830
North America (excl. USA),,1923,169374270,169374270
North America (excl. USA),,1924,149606450,149606450
North America (excl. USA),,1925,136455040,136455040
North America (excl. USA),,1926,133557100,133557100
North America (excl. USA),,1927,128667920,128667920
North America (excl. USA),,1928,123130440,123130440
North America (excl. USA),,1929,126048370,126048370
North America (excl. USA),,1930,120076440,120076440
North America (excl. USA),,1931,96862616,96862616
North America (excl. USA),,1932,90601620,90601620
North America (excl. USA),,1933,91966110,91966110
North America (excl. USA),,1934,104591110,104591110
North America (excl. USA),,1935,106365460,106365460
North America (excl. USA),,1936,115056856,115056856
North America (excl. USA),,1937,126864170,126864170
North America (excl. USA),,1938,119250776,119250776
North America (excl. USA),,1939,127995740,127995740
North America (excl. USA),,1940,143433740,143433740
North America (excl. USA),,1941,153341220,153341220
North America (excl. USA),,1942,161349940,161349940
North America (excl. USA),,1943,168303280,168303280
North America (excl. USA),,1944,171996400,171996400
North America (excl. USA),,1945,164894960,164894960
North America (excl. USA),,1946,175489140,175489140
North America (excl. USA),,1947,185505550,185505550
North America (excl. USA),,1948,202170460,202170460
North America (excl. USA),,1949,188156130,188156130
North America (excl. USA),,1950,203422830,203422830
North America (excl. USA),,1951,222148160,222148160
North America (excl. USA),,1952,217143780,217143780
North America (excl. USA),,1953,219054060,219054060
North America (excl. USA),,1954,228825440,228825440
North America (excl. USA),,1955,237794460,237794460
North America (excl. USA),,1956,264137340,264137340
North America (excl. USA),,1957,267539500,267539500
North America (excl. USA),,1958,275691300,275691300
North America (excl. USA),,1959,283157730,283157730
North America (excl. USA),,1960,291926560,291926560
North America (excl. USA),,1961,297569440,297569440
North America (excl. USA),,1962,315585340,315585340
North America (excl. USA),,1963,316158140,316158140
North America (excl. USA),,1964,357279580,357279580
North America (excl. USA),,1965,372267140,372267140
North America (excl. USA),,1966,385016480,385016480
North America (excl. USA),,1967,421598720,421598720
North America (excl. USA),,1968,448694900,448694900
North America (excl. USA),,1969,466471970,466471970
North America (excl. USA),,1970,522782430,522782430
North America (excl. USA),,1971,550457860,550457860
North America (excl. USA),,1972,588883300,588883300
North America (excl. USA),,1973,611684540,611684540
North America (excl. USA),,1974,629882750,629882750
North America (excl. USA),,1975,649737150,649737150
North America (excl. USA),,1976,686661900,686661900
North America (excl. USA),,1977,701365000,701365000
North America (excl. USA),,1978,735644200,735644200
North America (excl. USA),,1979,783730240,783730240
North America (excl. USA),,1980,811467260,811467260
North America (excl. USA),,1981,807820200,807820200
North America (excl. USA),,1982,814924540,814924540
North America (excl. USA),,1983,772558850,772558850
North America (excl. USA),,1984,797589000,797589000
North America (excl. USA),,1985,810691460,810691460
North America (excl. USA),,1986,784598900,784598900
North America (excl. USA),,1987,828331500,828331500
North America (excl. USA),,1988,852933200,852933200
North America (excl. USA),,1989,883410800,883410800
North America (excl. USA),,1990,867856060,867856060
North America (excl. USA),,1991,871707000,871707000
North America (excl. USA),,1992,886627100,886627100
North America (excl. USA),,1993,892950140,892950140
North America (excl. USA),,1994,924786750,924786750
North America (excl. USA),,1995,923746400,923746400
North America (excl. USA),,1996,956404540,956404540
North America (excl. USA),,1997,998097800,998097800
North America (excl. USA),,1998,1024705600,1024705600
North America (excl. USA),,1999,1049133500,1049133500
North America (excl. USA),,2000,1088201000,1088201000
North America (excl. USA),,2001,1101525200,1101525200
North America (excl. USA),,2002,1114423900,1114423900
North America (excl. USA),,2003,1164180400,1164180400
North America (excl. USA),,2004,1161729000,1161729000
North America (excl. USA),,2005,1189129700,1189129700
North America (excl. USA),,2006,1206295600,1206295600
North America (excl. USA),,2007,1233613200,1233613200
North America (excl. USA),,2008,1216395300,1216395300
North America (excl. USA),,2009,1168716300,1168716300
North America (excl. USA),,2010,1183444000,1183444000
North America (excl. USA),,2011,1219653000,1219653000
North America (excl. USA),,2012,1237709800,1237709800
North America (excl. USA),,2013,1236799700,1236799700
North America (excl. USA),,2014,1226072200,1226072200
North America (excl. USA),,2015,1227611600,1227611600
North America (excl. USA),,2016,1214237700,1214237700
North America (excl. USA),,2017,1205758100,1205758100
North America (excl. USA),,2018,1220009200,1220009200
North America (excl. USA),,2019,1231214100,1231214100
North America (excl. USA),,2020,1112000400,1112000400
North America (excl. USA),,2021,1160539400,1160539400
North America (excl. USA),,2022,1188572400,1188572400
North America (excl. USA),,2023,1212158700,1212158700
Oceania,,1750,0,0
Oceania,,1751,0,0
Oceania,,1752,0,0
Oceania,,1753,0,0
Oceania,,1754,0,0
Oceania,,1755,0,0
Oceania,,1756,0,0
Oceania,,1757,0,0
Oceania,,1758,0,0
Oceania,,1759,0,0
Oceania,,1760,0,0
Oceania,,1761,0,0
Oceania,,1762,0,0
Oceania,,1763,0,0
Oceania,,1764,0,0
Oceania,,1765,0,0
Oceania,,1766,0,0
Oceania,,1767,0,0
Oceania,,1768,0,0
Oceania,,1769,0,0
Oceania,,1770,0,0
Oceania,,1771,0,0
Oceania,,1772,0,0
Oceania,,1773,0,0
Oceania,,1774,0,0
Oceania,,1775,0,0
Oceania,,1776,0,0
Oceania,,1777,0,0
Oceania,,1778,0,0
Oceania,,1779,0,0
Oceania,,1780,0,0
Oceania,,1781,0,0
Oceania,,1782,0,0
Oceania,,1783,0,0
Oceania,,1784,0,0
Oceania,,1785,0,0
Oceania,,1786,0,0
Oceania,,1787,0,0
Oceania,,1788,0,0
Oceania,,1789,0,0
Oceania,,1790,0,0
Oceania,,1791,0,0
Oceania,,1792,0,0
Oceania,,1793,0,0
Oceania,,1794,0,0
Oceania,,1795,0,0
Oceania,,1796,0,0
Oceania,,1797,0,0
Oceania,,1798,0,0
Oceania,,1799,0,0
Oceania,,1800,0,0
Oceania,,1801,0,0
Oceania,,1802,0,0
Oceania,,1803,0,0
Oceania,,1804,0,0
Oceania,,1805,236,236
Oceania,,1806,661,661
Oceania,,1807,629,629
Oceania,,1808,787,787
Oceania,,1809,1259,1259
Oceania,,1810,1259,1259
Oceania,,1811,2203,2203
Oceania,,1812,2203,2203
Oceania,,1813,2832,2832
Oceania,,1814,3451,3451
Oceania,,1815,2753,2753
Oceania,,1816,2281,2281
Oceania,,1817,2045,2045
Oceania,,1818,1888,1888
Oceania,,1819,3540,3540
Oceania,,1820,6160,6160
Oceania,,1821,3147,3147
Oceania,,1822,3934.0002,3934.0002
Oceania,,1823,4720,4720
Oceania,,1824,4720,4720
Oceania,,1825,2870,2870
Oceania,,1826,6360,6360
Oceania,,1827,5902,5902
Oceania,,1828,3786,3786
Oceania,,1829,6031,6031
Oceania,,1830,5748,5748
Oceania,,1831,1421,1421
Oceania,,1832,11239,11239
Oceania,,1833,10718,10718
Oceania,,1834,13358,13358
Oceania,,1835,19498,19498
Oceania,,1836,19897,19897
Oceania,,1837,25305,25305
Oceania,,1838,27094,27094
Oceania,,1839,33487,33487
Oceania,,1840,47605,47605
Oceania,,1841,54819,54819
Oceania,,1842,62779,62779
Oceania,,1843,40692,40692
Oceania,,1844,36374,36374
Oceania,,1845,35125,35125
Oceania,,1846,61308,61308
Oceania,,1847,64088,64088
Oceania,,1848,71507,71507
Oceania,,1849,76336,76336
Oceania,,1850,112052,112052
Oceania,,1851,106379,106379
Oceania,,1852,106055,106055
Oceania,,1853,152321,152321
Oceania,,1854,183526,183526
Oceania,,1855,215678,215678
Oceania,,1856,298886,298886
Oceania,,1857,331100,331100
Oceania,,1858,340483,340483
Oceania,,1859,484948,484948
Oceania,,1860,599769,599769
Oceania,,1861,560575,560575
Oceania,,1862,787635,787635
Oceania,,1863,720450,720450
Oceania,,1864,903160,903160
Oceania,,1865,973508,973508
Oceania,,1866,1280060,1280060
Oceania,,1867,1239852,1239852
Oceania,,1868,1532259,1532259
Oceania,,1869,1464684,1464684
Oceania,,1870,1402391,1402391
Oceania,,1871,1440910,1440910
Oceania,,1872,1636610,1636610
Oceania,,1873,1930549,1930549
Oceania,,1874,2125629,2125629
Oceania,,1875,2142736,2142736
Oceania,,1876,2158161,2158161
Oceania,,1877,2372097,2372097
Oceania,,1878,2917052,2917052
Oceania,,1879,3083507,3083507
Oceania,,1880,3073339,3073339
Oceania,,1881,3641577,3641577
Oceania,,1882,4277829,4277829
Oceania,,1883,5073743,5073743
Oceania,,1884,5590824,5590824
Oceania,,1885,5999834,5999834
Oceania,,1886,6009109,6009109
Oceania,,1887,6261250,6261250
Oceania,,1888,6972248,6972248
Oceania,,1889,7562008,7562008
Oceania,,1890,6872483,6872483
Oceania,,1891,8375925,8375925
Oceania,,1892,7961785,7961785
Oceania,,1893,7315646,7315646
Oceania,,1894,8130214,8130214
Oceania,,1895,8373957,8373957
Oceania,,1896,8936921,8936921
Oceania,,1897,9782685,9782685
Oceania,,1898,10536444,10536444
Oceania,,1899,10873019,10873019
Oceania,,1900,12607824,12607824
Oceania,,1901,14179680,14179680
Oceania,,1902,14436160,14436160
Oceania,,1903,14393768,14393768
Oceania,,1904,14977158,14977158
Oceania,,1905,15591857,15591857
Oceania,,1906,18219918,18219918
Oceania,,1907,19572344,19572344
Oceania,,1908,20943384,20943384
Oceania,,1909,18845024,18845024
Oceania,,1910,22609452,22609452
Oceania,,1911,24136106,24136106
Oceania,,1912,26073290,26073290
Oceania,,1913,27014900,27014900
Oceania,,1914,30004424,30004424
Oceania,,1915,27201164,27201164
Oceania,,1916,24891626,24891626
Oceania,,1917,25951116,25951116
Oceania,,1918,27907988,27907988
Oceania,,1919,26314662,26314662
Oceania,,1920,29863852,29863852
Oceania,,1921,27284434,27284434
Oceania,,1922,28483052,28483052
Oceania,,1923,29520592,29520592
Oceania,,1924,32180746,32180746
Oceania,,1925,33720956,33720956
Oceania,,1926,33859450,33859450
Oceania,,1927,35764830,35764830
Oceania,,1928,33733316,33733316
Oceania,,1929,31800364,31800364
Oceania,,1930,30764512,30764512
Oceania,,1931,26789996,26789996
Oceania,,1932,26589732,26589732
Oceania,,1933,28327570,28327570
Oceania,,1934,30191492,30191492
Oceania,,1935,33108736,33108736
Oceania,,1936,35690024,35690024
Oceania,,1937,38137220,38137220
Oceania,,1938,37942420,37942420
Oceania,,1939,42445464,42445464
Oceania,,1940,40105132,40105132
Oceania,,1941,44335188,44335188
Oceania,,1942,47122844,47122844
Oceania,,1943,46564212,46564212
Oceania,,1944,46496400,46496400
Oceania,,1945,44779228,44779228
Oceania,,1946,48271880,48271880
Oceania,,1947,50227836,50227836
Oceania,,1948,52515016,52515016
Oceania,,1949,53672830,53672830
Oceania,,1950,64713932,64713932
Oceania,,1951,69779190,69779190
Oceania,,1952,72499576,72499576
Oceania,,1953,72268020,72268020
Oceania,,1954,77804776,77804776
Oceania,,1955,82445600,82445600
Oceania,,1956,86729070,86729070
Oceania,,1957,87260540,87260540
Oceania,,1958,89274136,89274136
Oceania,,1959,94416940,94416940
Oceania,,1960,100298744,100298744
Oceania,,1961,100182616,100182616
Oceania,,1962,103294030,103294030
Oceania,,1963,109549700,109549700
Oceania,,1964,118717740,118717740
Oceania,,1965,129477440,129477440
Oceania,,1966,132279140,132279140
Oceania,,1967,138611220,138611220
Oceania,,1968,145432300,145432300
Oceania,,1969,153718830,153718830
Oceania,,1970,166214060,166214060
Oceania,,1971,170642140,170642140
Oceania,,1972,174019410,174019410
Oceania,,1973,193619740,193619740
Oceania,,1974,190731230,190731230
Oceania,,1975,196819650,196819650
Oceania,,1976,194205660,194205660
Oceania,,1977,207571890,207571890
Oceania,,1978,213846820,213846820
Oceania,,1979,213960100,213960100
Oceania,,1980,227388100,227388100
Oceania,,1981,235791570,235791570
Oceania,,1982,241295580,241295580
Oceania,,1983,230603340,230603340
Oceania,,1984,241779620,241779620
Oceania,,1985,251881950,251881950
Oceania,,1986,252363400,252363400
Oceania,,1987,264348260,264348260
Oceania,,1988,271776800,271776800
Oceania,,1989,287940100,287940100
Oceania,,1990,309497760,309497760
Oceania,,1991,311622940,311622940
Oceania,,1992,318661220,318661220
Oceania,,1993,322915330,322915330
Oceania,,1994,328044930,328044930
Oceania,,1995,339531300,339531300
Oceania,,1996,348034700,348034700
Oceania,,1997,358496830,358496830
Oceania,,1998,371793120,371793120
Oceania,,1999,382561340,382561340
Oceania,,2000,390079870,390079870
Oceania,,2001,400357540,400357540
Oceania,,2002,405958000,405958000
Oceania,,2003,415715000,415715000
Oceania,,2004,429568640,429568640
Oceania,,2005,434553100,434553100
Oceania,,2006,440741250,440741250
Oceania,,2007,448667040,448667040
Oceania,,2008,453681630,453681630
Oceania,,2009,452965020,452965020
Oceania,,2010,451682000,451682000
Oceania,,2011,450399680,450399680
Oceania,,2012,453473280,453473280
Oceania,,2013,446240540,446240540
Oceania,,2014,442859330,442859330
Oceania,,2015,452078900,452078900
Oceania,,2016,460608160,460608160
Oceania,,2017,465369760,465369760
Oceania,,2018,468624000,468624000
Oceania,,2019,470051360,470051360
Oceania,,2020,449667040,449667040
Oceania,,2021,439661570,439661570
Oceania,,2022,433028500,433028500
Oceania,,2023,430302660,430302660
South America,,1844,24171,24171
South America,,1845,36046,36046
South America,,1846,45661,45661
South America,,1847,55846,55846
South America,,1848,63594,63594
South America,,1849,116034,116034
South America,,1850,94126,94126
South America,,1851,110448,110448
South America,,1852,180875,180875
South America,,1853,116529,116529
South America,,1854,5389,5389
South America,,1855,150900,150900
South America,,1856,556694,556694
South America,,1857,880976,880976
South America,,1858,962943,962943
South America,,1859,758669,758669
South America,,1860,1033002,1033002
South America,,1861,950494,950494
South America,,1862,877144,877144
South America,,1863,962480,962480
South America,,1864,1182042,1182042
South America,,1865,1383061,1383061
South America,,1866,1886320,1886320
South America,,1867,2003559,2003559
South America,,1868,2330022,2330022
South America,,1869,2088179,2088179
South America,,1870,2135154,2135154
South America,,1871,2261620,2261620
South America,,1872,3012619,3012619
South America,,1873,3308867,3308867
South America,,1874,3742494,3742494
South America,,1875,3243613,3243613
South America,,1876,3202210,3202210
South America,,1877,2987233,2987233
South America,,1878,2919186,2919186
South America,,1879,3020111,3020111
South America,,1880,3453197,3453197
South America,,1881,3751238,3751238
South America,,1882,3832123,3832123
South America,,1883,4075048,4075048
South America,,1884,4632899,4632899
South America,,1885,4829543,4829543
South America,,1886,4530320,4530320
South America,,1887,5250247,5250247
South America,,1888,6387091,6387091
South America,,1889,7538223,7538223
South America,,1890,6329836,6329836
South America,,1891,6584004,6584004
South America,,1892,6727751,6727751
South America,,1893,6725705,6725705
South America,,1894,8401482,8401482
South America,,1895,8548265,8548265
South America,,1896,9217044,9217044
South America,,1897,8561701,8561701
South America,,1898,9186857,9186857
South America,,1899,9629430,9629430
South America,,1900,8932587,8932587
South America,,1901,9644027,9644027
South America,,1902,10289648,10289648
South America,,1903,10492844,10492844
South America,,1904,10929525,10929525
South America,,1905,12766501,12766501
South America,,1906,15509021,15509021
South America,,1907,17710128,17710128
South America,,1908,18709604,18709604
South America,,1909,18441104,18441104
South America,,1910,20672666,20672666
South America,,1911,23954296,23954296
South America,,1912,24730868,24730868
South America,,1913,25967704,25967704
South America,,1914,21570992,21570992
South America,,1915,15675078,15675078
South America,,1916,14646844,14646844
South America,,1917,13086434,13086434
South America,,1918,11650200,11650200
South America,,1919,13630743,13630743
South America,,1920,16127816,16127816
South America,,1921,15376955,15376955
South America,,1922,17538402,17538402
South America,,1923,19904310,19904310
South America,,1924,24937520,24937520
South America,,1925,26465472,26465472
South America,,1926,27506204,27506204
South America,,1927,30158940,30158940
South America,,1928,31606908,31606908
South America,,1929,34773396,34773396
South America,,1930,29601944,29601944
South America,,1931,27014918,27014918
South America,,1932,30424378,30424378
South America,,1933,34371650,34371650
South America,,1934,38439308,38439308
South America,,1935,41464588,41464588
South America,,1936,40896870,40896870
South America,,1937,51129504,51129504
South America,,1938,47639420,47639420
South America,,1939,46572064,46572064
South America,,1940,50912532,50912532
South America,,1941,51506230,51506230
South America,,1942,48387430,48387430
South America,,1943,49034136,49034136
South America,,1944,54083316,54083316
South America,,1945,54755708,54755708
South America,,1946,57635230,57635230
South America,,1947,62898948,62898948
South America,,1948,70073040,70073040
South America,,1949,71232510,71232510
South America,,1950,113413520,113413520
South America,,1951,131276936,131276936
South America,,1952,141465000,141465000
South America,,1953,140632350,140632350
South America,,1954,151041460,151041460
South America,,1955,170065740,170065740
South America,,1956,184167710,184167710
South America,,1957,192903300,192903300
South America,,1958,178736500,178736500
South America,,1959,196974220,196974220
South America,,1960,199140540,199140540
South America,,1961,201756400,201756400
South America,,1962,215629970,215629970
South America,,1963,219379200,219379200
South America,,1964,230147580,230147580
South America,,1965,240092670,240092670
South America,,1966,251989390,251989390
South America,,1967,267328100,267328100
South America,,1968,287605000,287605000
South America,,1969,311235260,311235260
South America,,1970,337826140,337826140
South America,,1971,346539170,346539170
South America,,1972,362556700,362556700
South America,,1973,392667400,392667400
South America,,1974,416530270,416530270
South America,,1975,411657630,411657630
South America,,1976,419328960,419328960
South America,,1977,434808350,434808350
South America,,1978,462110140,462110140
South America,,1979,494336160,494336160
South America,,1980,508353860,508353860
South America,,1981,489719070,489719070
South America,,1982,490869630,490869630
South America,,1983,485836380,485836380
South America,,1984,491463070,491463070
South America,,1985,501802700,501802700
South America,,1986,529758620,529758620
South America,,1987,557251900,557251900
South America,,1988,580266800,580266800
South America,,1989,579758200,579758200
South America,,1990,598211000,598211000
South America,,1991,605972700,605972700
South America,,1992,618012400,618012400
South America,,1993,652645700,652645700
South America,,1994,655496600,655496600
South America,,1995,689449860,689449860
South America,,1996,719744800,719744800
South America,,1997,766816900,766816900
South America,,1998,791003650,791003650
South America,,1999,812984400,812984400
South America,,2000,812433540,812433540
South America,,2001,792002600,792002600
South America,,2002,819945500,819945500
South America,,2003,820535700,820535700
South America,,2004,856858900,856858900
South America,,2005,881497200,881497200
South America,,2006,909106400,909106400
South America,,2007,943890700,943890700
South America,,2008,987698940,987698940
South America,,2009,961250200,961250200
South America,,2010,1072222700,1072222700
South America,,2011,1089016300,1089016300
South America,,2012,1143936600,1143936600
South America,,2013,1208385700,1208385700
South America,,2014,1224245800,1224245800
South America,,2015,1195139100,1195139100
South America,,2016,1146173800,1146173800
South America,,2017,1130036400,1130036400
South America,,2018,1077709600,1077709600
South America,,2019,1084625800,1084625800
South America,,2020,979441100,979441100
South America,,2021,1079731200,1079731200
South America,,2022,1096152800,1096152800
South America,,2023,1108965000,1108965000
United States,USA,1800,252815.98,252815.98
United States,USA,1801,267472,267472
United States,USA,1802,289456,289456
United States,USA,1803,296784,296784
United States,USA,1804,333424,333424
United States,USA,1805,340752,340752
United States,USA,1806,333424,333424
United States,USA,1807,377392,377392
United States,USA,1808,392048,392048
United States,USA,1809,403040,403040
United States,USA,1810,417696,417696
United States,USA,1811,447008,447008
United States,USA,1812,483648,483648
United States,USA,1813,520288,520288
United States,USA,1814,560592,560592
United States,USA,1815,600896,600896
United States,USA,1816,663184,663184
United States,USA,1817,718144,718144
United States,USA,1818,780432,780432
United States,USA,1819,762112,762112
United States,USA,1820,791424,791424
United States,USA,1821,828064,828064
United States,USA,1822,864704,864704
United States,USA,1823,901344,901344
United States,USA,1824,1014928,1014928
United States,USA,1825,1135840,1135840
United States,USA,1826,1315376,1315376
United States,USA,1827,1447280,1447280
United States,USA,1828,1593840,1593840
United States,USA,1829,1795360,1795360
United States,USA,1830,2088480,2088480
United States,USA,1831,2264352,2264352
United States,USA,1832,3022800,3022800
United States,USA,1833,3528432,3528432
United States,USA,1834,3381872,3381872
United States,USA,1835,4316192,4316192
United States,USA,1836,4730224,4730224
United States,USA,1837,5305472,5305472
United States,USA,1838,5030672,5030672
United States,USA,1839,5517984,5517984
United States,USA,1840,5873392,5873392
United States,USA,1841,6214144,6214144
United States,USA,1842,6917632,6917632
United States,USA,1843,7764016,7764016
United States,USA,1844,9306560,9306560
United States,USA,1845,11204512,11204512
United States,USA,1846,12710416,12710416
United States,USA,1847,15070032,15070032
United States,USA,1848,16784784,16784784
United States,USA,1849,18221072,18221072
United States,USA,1850,19792928,19792928
United States,USA,1851,24633072,24633072
United States,USA,1852,26791168,26791168
United States,USA,1853,30162048,30162048
United States,USA,1854,33159198,33159198
United States,USA,1855,38160560,38160560
United States,USA,1856,40036530,40036530
United States,USA,1857,41055120,41055120
United States,USA,1858,41648690,41648690
United States,USA,1859,45320016,45320016
United States,USA,1860,47437810,47437810
United States,USA,1861,45679090,45679090
United States,USA,1862,47448800,47448800
United States,USA,1863,54809776,54809776
United States,USA,1864,58656976,58656976
United States,USA,1865,58821856,58821856
United States,USA,1866,59232224,59232224
United States,USA,1867,72865970,72865970
United States,USA,1868,82352060,82352060
United States,USA,1869,93695810,93695810
United States,USA,1870,98620220,98620220
United States,USA,1871,103020690,103020690
United States,USA,1872,126305410,126305410
United States,USA,1873,139506800,139506800
United States,USA,1874,134296590,134296590
United States,USA,1875,135747540,135747540
United States,USA,1876,132820010,132820010
United States,USA,1877,147175550,147175550
United States,USA,1878,143903600,143903600
United States,USA,1879,175468960,175468960
United States,USA,1880,198684240,198684240
United States,USA,1881,210192900,210192900
United States,USA,1882,235393950,235393950
United States,USA,1883,253882580,253882580
United States,USA,1884,267589570,267589570
United States,USA,1885,272162270,272162270
United States,USA,1886,287463170,287463170
United States,USA,1887,307380830,307380830
United States,USA,1888,373875100,373875100
United States,USA,1889,335542400,335542400
United States,USA,1890,401747300,401747300
United States,USA,1891,427424580,427424580
United States,USA,1892,450449200,450449200
United States,USA,1893,454094850,454094850
United States,USA,1894,425050370,425050370
United States,USA,1895,479948100,479948100
United States,USA,1896,480882460,480882460
United States,USA,1897,500287140,500287140
United States,USA,1898,545321500,545321500
United States,USA,1899,625534000,625534000
United States,USA,1900,662738400,662738400
United States,USA,1901,721527550,721527550
United States,USA,1902,764495740,764495740
United States,USA,1903,894406900,894406900
United States,USA,1904,882057540,882057540
United States,USA,1905,986482400,986482400
United States,USA,1906,1035471170,1035471170
United States,USA,1907,1203861500,1203861500
United States,USA,1908,1052812860,1052812860
United States,USA,1909,1165706200,1165706200
United States,USA,1910,1271582100,1271582100
United States,USA,1911,1258666600,1258666600
United States,USA,1912,1343565600,1343565600
United States,USA,1913,1442542100,1442542100
United States,USA,1914,1317980300,1317980300
United States,USA,1915,1367697000,1367697000
United States,USA,1916,1518980700,1518980700
United States,USA,1917,1670970600,1670970600
United States,USA,1918,1747718100,1747718100
United States,USA,1919,1479158800,1479158800
United States,USA,1920,1738245800,1738245800
United States,USA,1921,1423668600,1423668600
United States,USA,1922,1435758300,1435758300
United States,USA,1923,1896735900,1896735900
United States,USA,1924,1698320300,1698320300
United States,USA,1925,1758185500,1758185500
United States,USA,1926,1906048500,1906048500
United States,USA,1927,1862839200,1862839200
United States,USA,1928,1830965000,1830965000
United States,USA,1929,1963506200,1963506200
United States,USA,1930,1744916200,1744916200
United States,USA,1931,1484959100,1484959100
United States,USA,1932,1257814100,1257814100
United States,USA,1933,1348876800,1348876800
United States,USA,1934,1436238600,1436238600
United States,USA,1935,1492320900,1492320900
United States,USA,1936,1713411700,1713411700
United States,USA,1937,1792609900,1792609900
United States,USA,1938,1515749900,1515749900
United States,USA,1939,1670920400,1670920400
United States,USA,1940,1874985100,1874985100
United States,USA,1941,2043585000,2043585000
United States,USA,1942,2198264800,2198264800
United States,USA,1943,2272059100,2272059100
United States,USA,1944,2444903700,2444903700
United States,USA,1945,2359551500,2359551500
United States,USA,1946,2257493800,2257493800
United States,USA,1947,2485854500,2485854500
United States,USA,1948,2582558700,2582558700
United States,USA,1949,2164862200,2164862200
United States,USA,1950,2541485300,2541485300
United States,USA,1951,2618711600,2618711600
United States,USA,1952,2551219500,2551219500
United States,USA,1953,2612971300,2612971300
United States,USA,1954,2489462300,2489462300
United States,USA,1955,2728512000,2728512000
United States,USA,1956,2859995000,2859995000
United States,USA,1957,2835772200,2835772200
United States,USA,1958,2747107600,2747107600
United States,USA,1959,2831923200,2831923200
United States,USA,1960,2897315000,2897315000
United States,USA,1961,2886872800,2886872800
United States,USA,1962,2993902000,2993902000
United States,USA,1963,3126487600,3126487600
United States,USA,1964,3264313600,3264313600
United States,USA,1965,3399547000,3399547000
United States,USA,1966,3571421400,3571421400
United States,USA,1967,3705461000,3705461000
United States,USA,1968,3840919600,3840919600
United States,USA,1969,4035145200,4035145200
United States,USA,1970,4339686000,4339686000
United States,USA,1971,4365465000,4365465000
United States,USA,1972,4573015000,4573015000
United States,USA,1973,4785434000,4785434000
United States,USA,1974,4621419000,4621419000
United States,USA,1975,4478563000,4478563000
United States,USA,1976,4748111400,4748111400
United States,USA,1977,4889953300,4889953300
United States,USA,1978,4941708300,4941708300
United States,USA,1979,5008955400,5008955400
United States,USA,1980,4808877600,4808877600
United States,USA,1981,4686743000,4686743000
United States,USA,1982,4447602000,4447602000
United States,USA,1983,4429711000,4429711000
United States,USA,1984,4662488000,4662488000
United States,USA,1985,4652938000,4652938000
United States,USA,1986,4663711000,4663711000
United States,USA,1987,4826012700,4826012700
United States,USA,1988,5050858500,5050858500
United States,USA,1989,5132543500,5132543500
United States,USA,1990,5120957000,5120957000
United States,USA,1991,5062956500,5062956500
United States,USA,1992,5174227500,5174227500
United States,USA,1993,5272850400,5272850400
United States,USA,1994,5364279300,5364279300
United States,USA,1995,5425259500,5425259500
United States,USA,1996,5612983000,5612983000
United States,USA,1997,5688142300,5688142300
United States,USA,1998,5733281000,5733281000
United States,USA,1999,5803918000,5803918000
United States,USA,2000,6010135600,6010135600
United States,USA,2001,5907739600,5907739600
United States,USA,2002,5946308000,5946308000
United States,USA,2003,6010145300,6010145300
United States,USA,2004,6112655000,6112655000
United States,USA,2005,6132183000,6132183000
United States,USA,2006,6052686000,6052686000
United States,USA,2007,6130123000,6130123000
United States,USA,2008,5915118600,5915118600
United States,USA,2009,5480725500,5480725500
United States,USA,2010,5679715300,5679715300
United States,USA,2011,5546116000,5546116000
United States,USA,2012,5344086000,5344086000
United States,USA,2013,5480156700,5480156700
United States,USA,2014,5528681000,5528681000
United States,USA,2015,5376473000,5376473000
United States,USA,2016,5252932000,5252932000
United States,USA,2017,5212162000,5212162000
United States,USA,2018,5377797000,5377797000
United States,USA,2019,5262145000,5262145000
United States,USA,2020,4714628000,4714628000
United States,USA,2021,5032213000,5032213000
United States,USA,2022,5078871000,5078871000
United States,USA,2023,4911391000,4911391000